Date,Close,High,Low,Open,Volume
14-08-2020,848.0864868,856.4464217,846.7080014,850.0875299,4663873
17-08-2020,851.5549316,864.850761,848.5311117,848.5311117,9008210
18-08-2020,860.493042,861.9604954,852.6222937,857.2469378,6141761
19-08-2020,853.1558228,864.0503906,851.5105424,863.4723441,6622744
20-08-2020,849.4649048,858.6696797,846.0408657,852.799976,5656501
21-08-2020,843.817688,856.8467245,841.8166448,856.4909618,6513773
24-08-2020,842.5724487,846.6634479,835.2797485,842.2166861,5798574
25-08-2020,834.3014526,843.6841637,830.2993669,842.6613868,6233918
26-08-2020,845.5963135,848.6645903,834.5683755,837.1030083,5153601
27-08-2020,842.2612305,854.6232513,840.6159501,853.7783556,6154280
28-08-2020,831.7668457,847.1081749,829.8102595,846.1743657,7593610
31-08-2020,825.8526001,845.329439,813.4016668,831.7668151,12808355
01-09-2020,813.0016479,831.5446267,811.1784318,823.762792,6907773
02-09-2020,821.7617188,823.8961865,812.4235174,813.7575462,5678118
03-09-2020,832.0337524,844.3513176,821.7617415,823.9851229,8827948
04-09-2020,817.4483032,826.6530791,813.268336,813.7574689,8650342
07-09-2020,822.6954346,824.9188156,812.0232057,817.2259498,6700385
08-09-2020,835.3688354,846.6636236,823.1402379,827.0534109,12891964
09-09-2020,825.0966797,841.3273608,823.540313,831.5444845,5528947
10-09-2020,836.0357056,837.7699536,822.4730816,831.8112817,5171884
11-09-2020,841.0606689,848.5757084,827.9871764,831.4556728,6671903
14-09-2020,870.1424561,881.3927319,843.3729148,851.110292,21871587
15-09-2020,873.7443237,884.0163337,864.1393281,871.1207232,11608203
16-09-2020,890.9088135,894.3773097,873.3441027,876.9015124,10059251
17-09-2020,899.135376,908.028901,884.905736,884.905736,15628241
18-09-2020,891.2645264,906.0722112,888.5519581,899.1352734,12897633
21-09-2020,898.1569824,916.9222958,889.7970484,890.2417246,14140637
22-09-2020,896.022583,909.3628696,881.5261491,897.3566117,12625762
23-09-2020,906.9171143,922.2584432,896.556137,907.2728769,13486204
24-09-2020,867.4744263,897.3566477,862.6719012,892.0205329,14427432
25-09-2020,899.5355225,902.6037992,867.1186157,867.8300867,13311078
28-09-2020,898.6017456,903.7155222,888.0184296,902.5148639,8554526
29-09-2020,897.3566895,914.2543873,892.9988404,905.3608621,8708463
30-09-2020,896.6896362,910.652481,893.7992407,897.3566506,8048817
01-10-2020,905.0495605,912.9203082,899.8023593,907.6731069,5563358
05-10-2020,932.6639404,938.1779912,905.4053184,905.4053184,14212509
06-10-2020,938.9337769,942.7135245,917.233557,938.2667626,9090819
07-10-2020,948.5389404,953.3858681,920.9245022,929.2844373,9284008
08-10-2020,972.6846313,999.6320512,967.971129,969.394071,21482613
09-10-2020,984.3353882,990.1161794,968.015683,973.9298988,10567867
12-10-2020,1006.835938,1013.861844,989.0488876,998.7428515,14633537
13-10-2020,1029.692383,1037.029541,1009.904289,1009.904289,17523825
14-10-2020,1011.193604,1036.006555,1005.946403,1033.427412,16649573
15-10-2020,985.624939,1054.772098,971.6176367,1049.435983,44288251
16-10-2020,1002.744812,1010.259796,975.5306508,990.6051303,18365685
19-10-2020,1001.321899,1012.972394,991.8947856,1009.414985,12902123
20-10-2020,1011.638428,1018.041722,987.181235,995.0964936,10448776
21-10-2020,1021.287903,1026.624018,1009.415069,1014.884608,19811433
22-10-2020,1004.123535,1029.870248,999.4544343,1015.640607,11271335
23-10-2020,1009.022461,1020.258791,1006.910053,1018.460978,9069862
26-10-2020,999.9884033,1015.40467,991.6286394,1008.79773,6309368
27-10-2020,980.5719604,997.516323,968.2569875,993.9206977,10172479
28-10-2020,967.7177734,993.0668912,961.8748816,984.7520066,7608392
29-10-2020,966.1894531,972.6166554,952.9305847,961.8297793,6935616
30-10-2020,953.380127,974.0549746,945.964149,963.6276821,8800386
02-11-2020,963.8973389,970.7738848,944.8404581,957.3352785,7183119
03-11-2020,955.1330566,970.2796078,950.5935353,963.6276784,7204782
04-11-2020,983.3585205,1003.179449,958.9533018,960.0319455,15702690
05-11-2020,992.3925171,1009.471736,987.8979858,997.696086,9568890
06-11-2020,1000.258118,1007.763964,981.3360937,995.9883122,8807127
09-11-2020,1021.652161,1030.146783,1007.808979,1015.135089,10160320
10-11-2020,980.7518311,1001.24683,969.0210591,1001.24683,15622869
11-11-2020,1009.022461,1012.483229,977.1112829,985.2014407,12514800
12-11-2020,1004.752686,1026.551167,1001.15706,1014.056345,9180976
13-11-2020,1010.550476,1018.460896,1004.078394,1006.775113,6363212
14-11-2020,1018.865417,1024.438703,1016.753009,1022.056579,1136144
17-11-2020,1010.101013,1029.247762,1000.168164,1029.023036,12813968
18-11-2020,998.2803955,1018.191081,990.1002607,1014.415719,9839468
19-11-2020,985.8756104,1002.010937,983.2238803,988.7970562,10092343
20-11-2020,991.8083496,996.8871927,980.7967463,994.1904735,8063554
23-11-2020,1024.618286,1029.067938,990.5497167,993.2914247,10546363
24-11-2020,1024.798096,1038.146831,1018.775358,1029.247638,8515426
25-11-2020,1002.864868,1027.899387,998.9096584,1022.056496,8958701
26-11-2020,1000.662476,1006.730093,987.2688591,1006.730093,10962256
27-11-2020,988.7969971,1007.674031,980.7068398,1004.977312,25306145
01-12-2020,1022.820496,1024.977893,993.3364353,993.3364353,8933802
02-12-2020,1025.562378,1031.450149,1007.674118,1019.359902,6741637
03-12-2020,1012.573181,1031.045754,1009.202282,1031.045754,16212632
04-12-2020,1019.944092,1022.0565,1002.28056,1011.269624,10564055
07-12-2020,1027.899536,1036.439147,1021.157738,1031.315425,7792141
08-12-2020,1036.753662,1049.023756,1029.247816,1029.247816,12308330
09-12-2020,1056.394775,1060.260117,1040.034723,1049.967682,10039346
10-12-2020,1049.697876,1053.203633,1033.742288,1040.394217,9488782
11-12-2020,1045.607788,1053.473218,1038.461527,1042.461616,10574009
14-12-2020,1046.821411,1054.057541,1032.124205,1051.181085,6728187
15-12-2020,1037.877319,1046.057346,1035.540185,1039.13581,6905926
16-12-2020,1047.855103,1050.731669,1036.978358,1042.73138,7788404
17-12-2020,1042.012207,1050.731665,1039.315488,1048.034945,6658153
18-12-2020,1069.518921,1074.19319,1056.754384,1063.271455,15995676
21-12-2020,1058.282593,1087.452063,1035.585205,1067.900848,10858352
22-12-2020,1097.115234,1100.126549,1057.203769,1062.507339,10901851
23-12-2020,1126.374512,1131.588102,1106.149121,1112.845929,15878346
24-12-2020,1111.093384,1123.543216,1102.05933,1123.543216,7313885
28-12-2020,1114.913574,1121.835109,1111.048233,1113.25051,4607051
29-12-2020,1123.90271,1127.633084,1110.149398,1110.149398,6878105
30-12-2020,1120.756714,1126.599606,1112.98115,1126.329891,5194690
31-12-2020,1128.84668,1131.183814,1113.745009,1117.340634,7430470
01-01-2021,1133.026489,1137.56601,1128.846662,1130.734344,4253550
04-01-2021,1158.016113,1159.589199,1133.655773,1140.712166,7208454
05-01-2021,1163.005005,1167.679274,1146.150512,1152.397867,8145280
06-01-2021,1152.487915,1170.376175,1139.858346,1168.578362,7161715
07-01-2021,1134.554688,1166.465863,1128.576938,1164.982646,10954918
08-01-2021,1179.455078,1183.680004,1149.027118,1149.027118,13186251
11-01-2021,1237.074829,1243.502031,1204.534464,1206.422146,20528626
12-01-2021,1233.074951,1238.693117,1222.5128,1238.693117,8309868
13-01-2021,1246.917969,1251.996812,1222.512639,1234.96247,14442997
14-01-2021,1231.95105,1244.086285,1185.162934,1222.512534,27521697
15-01-2021,1208.984009,1226.512682,1204.534466,1222.512593,15018441
18-01-2021,1179.410034,1204.534421,1173.971607,1202.736608,8861765
19-01-2021,1183.545044,1196.444328,1179.365108,1186.556358,5585744
20-01-2021,1204.040039,1212.085317,1187.050797,1187.050797,8225838
21-01-2021,1204.265015,1223.456757,1200.040198,1213.523796,6142421
22-01-2021,1205.298706,1218.917161,1192.44441,1192.848874,9646591
25-01-2021,1191.140747,1211.635855,1180.264003,1209.029005,6542611
27-01-2021,1169.477173,1193.343181,1155.18454,1186.196809,8133665
28-01-2021,1147.184326,1165.387181,1143.903406,1161.207354,4660690
29-01-2021,1113.789917,1160.622914,1106.553677,1156.218251,12183519
01-02-2021,1133.43103,1148.757318,1115.542772,1124.127372,8880279
02-02-2021,1142.734741,1163.544446,1135.858085,1150.600172,6892490
03-02-2021,1154.780029,1172.173845,1144.307749,1148.487685,8182968
04-02-2021,1150.015869,1162.645548,1143.453918,1155.094712,5032240
05-02-2021,1143.498901,1158.465716,1134.419968,1156.353308,5477481
08-02-2021,1171.769409,1177.567311,1146.555042,1155.544106,6921922
09-02-2021,1173.567383,1197.343415,1166.645737,1174.780885,7965949
10-02-2021,1165.432129,1172.488522,1153.836215,1164.802938,5951207
11-02-2021,1161.971191,1164.982505,1153.341713,1158.690162,4673317
12-02-2021,1177.387695,1189.927396,1169.971717,1173.072901,5797875
15-02-2021,1177.252686,1194.107179,1174.960431,1186.556344,4363513
16-02-2021,1159.948975,1186.331859,1155.993764,1181.163146,6896421
17-02-2021,1151.768677,1163.634196,1146.105523,1159.948702,4575741
18-02-2021,1161.791504,1173.971729,1146.105632,1147.004538,6437551
19-02-2021,1160.757935,1168.128924,1147.723791,1165.07262,5389696
22-02-2021,1137.296265,1176.263943,1132.621996,1164.083718,7371303
23-02-2021,1138.330078,1160.488142,1130.419768,1142.644873,6612942
24-02-2021,1145.476318,1147.543737,1125.430664,1132.666904,4537258
25-02-2021,1145.701172,1168.353569,1143.408917,1158.195883,8788221
26-02-2021,1126.599365,1145.476398,1118.913672,1140.712151,15132388
01-03-2021,1138.914429,1154.645291,1131.723177,1135.588519,5756286
02-03-2021,1172.623535,1177.567521,1149.881157,1152.622865,10461434
03-03-2021,1207.72583,1210.827014,1175.769661,1185.83737,9056399
04-03-2021,1195.860107,1225.973472,1191.860018,1200.040044,12041941
05-03-2021,1183.589966,1204.534528,1173.117794,1194.197105,6486176
08-03-2021,1200.714355,1210.018016,1184.039596,1190.871373,5119392
09-03-2021,1209.52356,1213.928113,1185.432824,1195.096068,6518173
10-03-2021,1229.838745,1235.097325,1218.018105,1219.726049,7925984
12-03-2021,1235.86145,1251.008001,1231.546765,1234.198495,9462061
15-03-2021,1234.737793,1240.400947,1221.164328,1231.501752,6658635
16-03-2021,1244.086426,1263.862366,1240.940253,1245.929228,9352771
17-03-2021,1246.783081,1258.468863,1242.288549,1251.502339,7626744
18-03-2021,1201.927856,1252.850931,1180.713685,1252.850931,10961755
19-03-2021,1208.534424,1218.197666,1184.758398,1195.545273,12767112
22-03-2021,1232.221069,1236.895339,1201.028948,1213.613639,4862758
23-03-2021,1232.895142,1243.412303,1222.153144,1233.70407,7165335
24-03-2021,1216.894653,1231.906348,1210.152855,1220.580148,6134303
25-03-2021,1198.961426,1215.770932,1193.38814,1210.60222,8749994
26-03-2021,1201.118652,1219.546233,1197.343289,1208.759357,4922071
30-03-2021,1245.255005,1258.468884,1201.073736,1210.736979,10546381
31-03-2021,1229.749023,1247.682163,1225.479218,1242.288725,8220987
01-04-2021,1245.165161,1250.918184,1232.400734,1240.490892,5675155
05-04-2021,1267.368164,1280.941629,1246.783185,1250.378811,9479572
06-04-2021,1268.401855,1281.840462,1264.266798,1279.143743,5793571
07-04-2021,1285.615845,1289.88565,1264.401676,1267.682707,5879234
08-04-2021,1294.290283,1304.942301,1277.34592,1285.436078,5654434
09-04-2021,1295.369019,1307.908718,1285.481049,1307.908718,6052712
12-04-2021,1281.615723,1328.179115,1271.952479,1324.987954,20384532
13-04-2021,1255.906982,1290.155291,1235.996186,1288.132752,14855206
15-04-2021,1223.186646,1228.265488,1186.556217,1197.612807,25342491
16-04-2021,1216.894653,1232.265932,1210.46745,1227.007351,10879878
19-04-2021,1224.804932,1240.221088,1197.657893,1204.534549,12508028
20-04-2021,1214.737061,1239.591843,1206.691893,1239.591843,8560766
22-04-2021,1214.512695,1226.827782,1209.164245,1218.512896,6622446
23-04-2021,1198.961426,1212.085438,1196.444444,1207.231321,7316262
26-04-2021,1207.72583,1214.692355,1187.455445,1197.568143,7088606
27-04-2021,1212.175171,1216.220249,1204.669325,1209.927905,3636115
28-04-2021,1218.917114,1222.063287,1208.669559,1220.714927,4879234
29-04-2021,1219.231689,1230.602878,1214.782147,1229.703971,5412357
30-04-2021,1217.433594,1235.007254,1209.83788,1210.197465,8354677
03-05-2021,1215.366577,1223.411746,1202.736897,1205.253879,4560337
04-05-2021,1195.006226,1217.973219,1190.241978,1217.119302,4887060
05-05-2021,1205.882813,1208.04021,1193.56784,1205.523228,3939788
06-05-2021,1223.950928,1226.737516,1202.197437,1209.029103,4810090
07-05-2021,1215.81604,1234.243623,1212.175425,1227.277098,4991435
10-05-2021,1204.130249,1216.130629,1200.08517,1213.38892,7195348
11-05-2021,1196.129883,1205.433543,1191.140908,1201.748048,6420988
12-05-2021,1192.848633,1195.545352,1181.612304,1195.545352,5241898
14-05-2021,1183.320435,1192.713963,1178.736034,1192.713963,4824609
17-05-2021,1195.006226,1199.99509,1186.826199,1186.826199,5017129
18-05-2021,1204.534424,1208.669371,1195.095908,1202.736611,5620150
19-05-2021,1201.837769,1220.220359,1198.46687,1206.3323,4435878
20-05-2021,1203.905396,1212.714612,1200.040054,1212.085422,4490092
21-05-2021,1217.568726,1220.265445,1210.242616,1211.276381,4969733
24-05-2021,1211.770874,1225.209481,1209.119034,1219.501447,4225371
25-05-2021,1223.950928,1229.703951,1217.523725,1220.714887,4099340
26-05-2021,1255.99707,1258.469063,1224.355606,1229.614187,6850024
27-05-2021,1260.491455,1273.076144,1251.007949,1262.244279,15365391
28-05-2021,1263.008423,1271.053591,1254.963145,1267.233239,4261312
31-05-2021,1266.370239,1273.411939,1256.60272,1273.411939,4429904
01-06-2021,1260.418945,1272.95776,1252.650426,1272.049153,4791325
02-06-2021,1252.650391,1264.734791,1240.24789,1254.558442,9272276
03-06-2021,1262.644897,1271.140345,1251.196479,1261.236513,5115645
04-06-2021,1259.010376,1269.232197,1251.741525,1266.551742,4194328
07-06-2021,1262.644897,1264.7801,1251.423631,1263.871494,5154576
08-06-2021,1283.815552,1291.811334,1268.005887,1268.414715,7360630
09-06-2021,1285.950684,1294.764121,1276.228529,1284.224309,5394317
10-06-2021,1294.128296,1298.398702,1289.312637,1293.85567,3496575
11-06-2021,1314.662842,1318.933248,1298.807591,1299.398207,6140828
14-06-2021,1328.20105,1342.011824,1320.614097,1336.560185,7132294
15-06-2021,1339.19519,1341.103242,1329.291357,1330.199964,5403104
16-06-2021,1345.282715,1353.32386,1333.379992,1338.104702,7661710
17-06-2021,1358.639404,1365.31764,1340.285486,1340.285486,7677951
18-06-2021,1365.908081,1377.265661,1351.461217,1371.087093,13533974
21-06-2021,1363.182495,1368.179831,1348.55384,1356.549623,5454052
22-06-2021,1373.676514,1382.399113,1364.817602,1371.722988,6427862
23-06-2021,1365.771851,1385.62488,1361.683121,1385.62488,5529809
24-06-2021,1416.699097,1425.376332,1373.085988,1378.35595,10785137
25-06-2021,1430.328125,1433.780874,1401.97965,1428.329235,9780240
28-06-2021,1428.147461,1435.734302,1417.971004,1429.146906,5019178
29-06-2021,1420.197388,1429.828594,1416.699164,1418.3347,5913567
30-06-2021,1436.325195,1445.592937,1428.374888,1428.374888,6058722
01-07-2021,1417.789429,1432.735959,1416.562832,1432.735959,4814317
02-07-2021,1424.513306,1426.012418,1401.616355,1416.472049,5166064
05-07-2021,1434.644165,1440.141279,1418.380198,1425.739888,4058338
06-07-2021,1419.425049,1441.731383,1414.791178,1429.874024,4089574
07-07-2021,1421.605713,1427.011988,1403.479058,1422.923259,4797120
08-07-2021,1418.107422,1431.963669,1407.431297,1424.694818,3326813
09-07-2021,1420.061035,1426.42128,1409.248596,1413.791629,3436594
12-07-2021,1406.386475,1433.780981,1393.575146,1427.011908,4588982
13-07-2021,1403.751465,1414.155075,1395.892108,1414.155075,4456160
14-07-2021,1432.781494,1438.142294,1397.52752,1411.974385,5657716
15-07-2021,1436.325195,1450.908263,1413.79171,1415.518084,10021355
16-07-2021,1413.291748,1430.737057,1407.976423,1429.919289,6265593
19-07-2021,1400.798584,1410.975043,1397.027956,1403.524403,5669162
20-07-2021,1408.38562,1415.336371,1397.436867,1397.709493,5069939
22-07-2021,1444.866089,1447.273918,1418.698287,1418.698287,7854575
23-07-2021,1445.09314,1452.407466,1440.186753,1443.366876,4179719
26-07-2021,1457.314087,1464.355788,1448.409698,1448.409698,4586710
27-07-2021,1456.08728,1462.220374,1451.862238,1458.313322,5892859
28-07-2021,1458.858521,1460.675733,1440.595553,1458.404217,4686788
29-07-2021,1469.216675,1471.942494,1453.861203,1453.861203,4660873
30-07-2021,1463.310791,1475.031837,1459.358375,1462.856488,6234257
02-08-2021,1482.43689,1485.344386,1471.215511,1478.711514,5553389
03-08-2021,1503.925537,1507.060296,1486.116871,1496.475008,5513668
04-08-2021,1498.519165,1526.367974,1489.251424,1516.554981,6740391
05-08-2021,1502.426392,1513.738499,1496.520449,1498.746491,5420536
06-08-2021,1499.382324,1508.877328,1493.749009,1505.560892,3754855
09-08-2021,1511.285156,1515.055784,1495.929685,1509.195317,5018477
10-08-2021,1523.960327,1526.458995,1509.240945,1515.555717,6846517
11-08-2021,1524.232666,1530.093133,1515.555431,1521.733998,4899639
12-08-2021,1535.181519,1541.450926,1521.007279,1525.686625,5659579
13-08-2021,1555.715942,1565.074633,1536.726156,1541.905169,5612790
16-08-2021,1548.629028,1562.757794,1535.63591,1551.627363,4564109
17-08-2021,1582.474609,1589.062007,1532.410411,1548.174712,9510390
18-08-2021,1575.023926,1595.058744,1569.163458,1570.980671,6686090
20-08-2021,1574.56958,1585.518333,1559.259583,1559.259583,6206972
23-08-2021,1579.839478,1592.923433,1573.706384,1577.113658,6189051
24-08-2021,1563.575317,1596.421461,1556.170153,1590.061216,7602939
25-08-2021,1576.931885,1587.244545,1560.985798,1560.985798,6153253
26-08-2021,1569.799316,1586.426859,1562.803091,1575.523581,5302248
27-08-2021,1552.626953,1569.799529,1549.355881,1567.346335,6698514
30-08-2021,1542.859131,1561.5764,1535.90827,1547.402163,6559667
31-08-2021,1550.491577,1558.260207,1531.774305,1544.767423,12255438
01-09-2021,1524.414551,1553.262807,1520.234983,1553.262807,7801974
02-09-2021,1534.727295,1539.452116,1510.694696,1524.051168,6830050
03-09-2021,1545.221558,1550.037105,1530.456703,1541.04199,5339139
06-09-2021,1572.252563,1573.706312,1544.04029,1549.310251,4876026
07-09-2021,1550.67334,1576.341474,1548.26551,1571.88928,3520341
08-09-2021,1538.497925,1545.403312,1529.139234,1545.403312,4584896
09-09-2021,1536.998779,1539.997225,1528.412492,1531.819766,3331674
13-09-2021,1537.27124,1545.99384,1522.097446,1529.184621,4662374
14-09-2021,1532.046753,1540.951029,1525.18673,1540.951029,4945167
15-09-2021,1555.034424,1558.350859,1535.726537,1538.497831,4062344
16-09-2021,1546.675293,1562.121602,1536.862299,1558.441702,3246568
17-09-2021,1536.726196,1560.985945,1530.502153,1541.905209,7454864
20-09-2021,1533.591431,1551.627247,1524.596204,1531.001924,5660743
21-09-2021,1561.394653,1568.936131,1530.683823,1544.630909,4672222
22-09-2021,1559.986572,1579.975916,1556.488459,1560.077411,4553892
23-09-2021,1583.292358,1585.5184,1563.802682,1573.706515,3826090
24-09-2021,1602.64563,1624.5885,1592.287493,1597.330304,8280446
27-09-2021,1563.848145,1607.324945,1561.07685,1607.097793,5045337
28-09-2021,1532.910034,1553.717146,1521.915917,1553.717146,6557197
29-09-2021,1537.589478,1545.90325,1503.743883,1507.605461,7792548
30-09-2021,1522.097534,1547.356839,1517.463663,1547.356839,6914031
01-10-2021,1512.965942,1525.504644,1509.422355,1512.920468,5733906
04-10-2021,1525.32312,1533.72773,1513.193246,1519.64433,2947154
05-10-2021,1538.088989,1547.311256,1511.012474,1518.281325,4373310
06-10-2021,1520.598389,1552.808443,1517.372791,1546.539037,4271698
07-10-2021,1536.453491,1548.447052,1523.415011,1532.819065,5476108
08-10-2021,1566.301147,1573.252009,1543.177159,1549.40109,4738376
11-10-2021,1536.407959,1571.889084,1511.648434,1528.275976,8840633
12-10-2021,1531.138184,1534.636296,1510.103922,1523.733019,7439300
13-10-2021,1552.990234,1557.0336,1526.504443,1540.951198,7104171
14-10-2021,1558.941528,1620.590454,1542.995441,1593.695725,19655776
18-10-2021,1628.359253,1634.583186,1580.975399,1580.975399,13438109
19-10-2021,1655.61731,1666.838577,1619.409364,1648.212145,10324260
20-10-2021,1637.626831,1679.104738,1630.085464,1662.20468,5876115
21-10-2021,1593.377808,1648.212188,1587.199239,1648.212188,8779629
22-10-2021,1562.62146,1602.054892,1550.991253,1589.970493,7369809
25-10-2021,1551.491211,1571.662233,1533.000978,1564.666006,5905209
26-10-2021,1561.711792,1582.703304,1554.561919,1567.532666,5871709
27-10-2021,1584.857422,1589.624115,1559.374371,1566.661764,5090259
28-10-2021,1561.89502,1581.007334,1551.032635,1576.057354,5329972
29-10-2021,1528.757935,1569.870065,1522.616364,1557.403526,5875091
01-11-2021,1558.366089,1564.920111,1536.320396,1537.695385,3636806
02-11-2021,1556.395264,1564.232631,1545.807808,1553.73693,3471772
03-11-2021,1560.611816,1574.315823,1557.40351,1566.570099,3530713
04-11-2021,1566.295044,1573.903358,1562.903451,1572.07004,483407
08-11-2021,1592.694824,1595.90313,1561.070092,1585.819883,5245903
09-11-2021,1597.278198,1604.15314,1582.153326,1590.174091,4016134
10-11-2021,1595.124023,1605.023873,1578.440764,1582.153277,4780368
11-11-2021,1588.844971,1594.757376,1566.570114,1588.524051,4731349
12-11-2021,1631.83606,1634.265228,1593.198978,1597.736395,5069009
15-11-2021,1638.206909,1649.985953,1627.527811,1633.577737,4354074
16-11-2021,1642.927856,1658.190138,1628.90293,1640.819496,6034233
17-11-2021,1638.482056,1651.819489,1632.294608,1643.157106,4732492
18-11-2021,1631.102905,1640.31526,1612.403041,1633.11951,4326924
22-11-2021,1612.769531,1636.60266,1605.207096,1635.319316,6621839
23-11-2021,1592.14502,1601.632418,1567.48687,1590.494989,8436160
24-11-2021,1554.653564,1595.444887,1547.320293,1594.986558,7333061
25-11-2021,1578.853394,1582.33663,1555.524356,1558.320211,4476260
26-11-2021,1550.666138,1575.140887,1543.653674,1560.657743,4494181
29-11-2021,1554.974243,1569.319977,1530.041167,1550.070141,3942776
30-11-2021,1569.915894,1585.72826,1558.366014,1562.490979,14808963
01-12-2021,1571.978394,1596.728184,1570.236719,1572.070037,5193264
02-12-2021,1602.549072,1604.611555,1568.724333,1572.070161,5559574
03-12-2021,1590.907349,1637.748595,1588.157372,1623.494504,6754012
06-12-2021,1554.011841,1589.440617,1550.528492,1585.819859,3991449
07-12-2021,1568.999268,1581.144998,1552.820215,1559.328471,4202122
08-12-2021,1607.223877,1613.136394,1588.203205,1588.569891,3029169
09-12-2021,1616.482178,1621.936366,1596.819888,1612.40309,2082171
10-12-2021,1612.63208,1616.757045,1600.48635,1613.319574,1823469
13-12-2021,1599.249023,1623.723772,1593.886591,1619.782206,4040584
14-12-2021,1606.124023,1616.069751,1567.807634,1586.64502,4768144
15-12-2021,1589.669678,1602.273736,1577.753113,1599.569638,3053149
16-12-2021,1623.952759,1629.452712,1611.486221,1615.748707,4481031
17-12-2021,1669.098389,1688.485747,1656.17352,1668.319251,18887243
20-12-2021,1648.977661,1677.164921,1638.344441,1651.544239,5773891
21-12-2021,1660.619141,1684.818957,1650.902579,1650.902579,5353584
22-12-2021,1672.627441,1676.706641,1661.306726,1672.902484,4156428
23-12-2021,1702.785522,1706.452158,1674.735783,1678.631583,4112933
24-12-2021,1708.19397,1719.423042,1699.48571,1716.856352,3780347
27-12-2021,1710.623169,1718.277249,1691.281687,1704.985694,2647733
28-12-2021,1730.6521,1737.893728,1721.852196,1723.960445,3340933
29-12-2021,1728.406128,1735.968563,1720.018677,1726.526933,3236635
30-12-2021,1735.097534,1750.634968,1718.139347,1727.443456,4584738
31-12-2021,1730.422729,1740.139291,1715.664545,1732.485212,4619420
03-01-2022,1740.230957,1754.530925,1730.422752,1730.422752,3329616
04-01-2022,1740.872681,1747.747622,1721.485324,1740.230952,3921999
05-01-2022,1690.914795,1744.310174,1686.652309,1741.651841,6995719
06-01-2022,1666.302612,1675.652488,1649.986039,1675.652488,6449205
07-01-2022,1663.094238,1682.985691,1656.219297,1664.148306,4834389
10-01-2022,1696.50647,1714.06051,1661.902596,1663.735914,7857560
11-01-2022,1700.952271,1714.152181,1695.956524,1700.402298,5142287
12-01-2022,1720.981079,1731.568533,1704.985427,1713.143713,5362535
13-01-2022,1738.718506,1753.110005,1710.806177,1746.235063,14277630
14-01-2022,1768.555786,1771.901613,1724.235352,1725.152011,7688506
17-01-2022,1777.859985,1791.059896,1769.610055,1776.989204,5262464
18-01-2022,1760.672729,1782.90171,1752.147756,1761.910197,3690315
19-01-2022,1711.447876,1756.31828,1707.597842,1756.31828,5747770
20-01-2022,1671.710938,1693.985795,1664.194379,1690.31916,5533463
21-01-2022,1636.87793,1657.31947,1627.986382,1645.402903,8252758
24-01-2022,1592.053223,1621.248786,1583.98658,1617.902959,7116712
25-01-2022,1578.624268,1594.986608,1558.778578,1582.703355,9137653
27-01-2022,1538.703613,1567.211683,1526.237075,1560.153454,11231734
28-01-2022,1545.670166,1583.5741,1539.528596,1540.903585,10998502
31-01-2022,1591.503052,1603.694659,1572.390737,1574.819905,8788872
01-02-2022,1624.365356,1631.65275,1590.128059,1618.911169,5119935
02-02-2022,1638.161133,1643.386156,1624.319606,1639.902807,4253717
03-02-2022,1593.657349,1630.736156,1589.486506,1630.736156,3832922
04-02-2022,1595.994873,1607.773918,1567.624323,1587.653299,4700077
07-02-2022,1572.070068,1587.65327,1554.103576,1578.669968,4310209
08-02-2022,1574.178345,1581.236573,1554.653466,1567.48669,6053401
09-02-2022,1592.511475,1597.736385,1581.236526,1590.403114,3867244
10-02-2022,1622.119507,1626.061185,1603.007192,1609.33216,4334630
11-02-2022,1577.890747,1600.440533,1570.236668,1594.986458,7551371
14-02-2022,1542.003662,1575.324305,1538.382904,1549.153647,7459637
15-02-2022,1593.382324,1601.173925,1549.565984,1557.403463,4669915
16-02-2022,1588.844971,1609.148877,1582.932453,1593.382388,5350642
17-02-2022,1581.053467,1603.23657,1576.928501,1598.653275,3937950
18-02-2022,1564.690918,1578.945009,1561.528489,1567.486772,5602215
21-02-2022,1586.461548,1592.511586,1550.528563,1559.236823,5120890
22-02-2022,1589.807251,1605.069643,1550.11599,1558.228398,8878515
23-02-2022,1597.598877,1611.715446,1588.936495,1604.15301,5478811
24-02-2022,1538.291138,1572.024118,1531.278675,1549.245167,13592379
25-02-2022,1553.370361,1584.124316,1537.237185,1572.070228,9737281
28-02-2022,1572.619995,1584.032466,1526.237077,1542.003565,15076542
02-03-2022,1560.886597,1571.519816,1550.069978,1567.486495,6771489
03-03-2022,1577.432373,1589.394816,1563.40756,1576.836522,7344147
04-03-2022,1579.678223,1591.319745,1540.903509,1553.965897,9074499
07-03-2022,1594.848877,1605.069646,1554.653409,1555.570068,9742588
08-03-2022,1630.002808,1649.986016,1575.232438,1575.232438,10984500
09-03-2022,1662.223511,1678.952537,1641.736205,1641.736205,10193515
10-03-2022,1673.727539,1691.006537,1659.335927,1691.006537,6547182
11-03-2022,1670.152466,1678.769082,1660.069218,1662.819195,4758657
14-03-2022,1733.126831,1737.068509,1678.90655,1678.90655,10289724
15-03-2022,1686.010742,1730.972794,1677.48577,1730.972794,7140443
16-03-2022,1731.935425,1736.106156,1694.902381,1709.568924,5233979
17-03-2022,1700.035522,1763.010054,1680.281591,1763.010054,17731459
21-03-2022,1698.614746,1729.643626,1687.660606,1705.902139,8362085
22-03-2022,1730.102051,1732.485342,1685.735737,1695.818985,5709382
23-03-2022,1716.352051,1741.651813,1702.235482,1738.901836,6192824
24-03-2022,1729.460449,1736.702078,1701.456585,1701.456585,3784303
25-03-2022,1720.156372,1736.152026,1703.152304,1734.318708,3438588
28-03-2022,1717.727051,1724.143663,1698.24805,1710.485423,4008555
29-03-2022,1728.818481,1731.935144,1705.48956,1717.726932,3917785
30-03-2022,1745.272705,1759.068467,1737.068653,1750.818536,7795839
31-03-2022,1747.930908,1753.568383,1736.335151,1741.651817,5399145
01-04-2022,1744.906128,1751.093576,1721.76049,1729.597857,6171518
04-04-2022,1726.022949,1735.235417,1716.902237,1732.256275,7364074
05-04-2022,1705.993774,1732.118552,1702.373017,1726.801998,5472024
06-04-2022,1676.431519,1702.693817,1670.289949,1700.40217,5407453
07-04-2022,1660.069214,1675.789936,1656.906786,1669.28168,5797544
08-04-2022,1663.369263,1684.819104,1657.319336,1671.06922,5131446
11-04-2022,1619.323853,1662.819273,1615.657217,1662.819273,8248407
12-04-2022,1597.2323,1611.028061,1583.757458,1611.028061,6456184
13-04-2022,1602.823853,1611.027904,1587.653104,1608.69038,6257693
18-04-2022,1486.270874,1512.487298,1457.48776,1471.695974,30523965
19-04-2022,1431.821167,1500.249775,1420.82126,1500.249775,17044923
20-04-2022,1455.379395,1463.262751,1432.737963,1443.73787,10678747
21-04-2022,1483.887451,1491.587296,1456.800136,1462.070925,7766514
22-04-2022,1453.316772,1476.462409,1450.52103,1470.641648,8134245
25-04-2022,1430.996338,1441.721315,1424.579725,1441.721315,7000570
26-04-2022,1449.237793,1459.321041,1435.992116,1445.754444,5345435
27-04-2022,1423.387939,1441.675239,1421.142058,1441.675239,8819356
28-04-2022,1450.704346,1468.304264,1427.650352,1439.154466,9245177
29-04-2022,1436.908691,1464.179293,1430.721244,1457.487639,9831395
02-05-2022,1412.571411,1423.342154,1403.404822,1421.646357,7072627
04-05-2022,1407.575562,1439.154415,1402.625581,1418.300425,6220959
05-05-2022,1453.041992,1456.937793,1427.650472,1430.033874,6144870
06-05-2022,1414.267212,1431.683732,1407.117339,1420.821346,6171472
09-05-2022,1439.475342,1454.554448,1395.292426,1411.654765,6832202
10-05-2022,1423.571289,1438.375353,1417.200554,1428.154584,6212545
11-05-2022,1399.508911,1420.775352,1385.621507,1420.775352,7846080
12-05-2022,1383.055054,1400.196531,1378.930088,1387.821635,7034979
13-05-2022,1379.021606,1401.800557,1373.246611,1392.679846,6723761
16-05-2022,1364.996582,1385.85057,1355.417542,1384.154773,6145331
17-05-2022,1391.900513,1397.904673,1357.480042,1370.313265,6516378
18-05-2022,1383.421631,1420.546318,1379.846751,1395.15491,6594126
19-05-2022,1308.209717,1360.963367,1299.501458,1357.571774,16561140
20-05-2022,1333.876099,1344.509319,1326.130264,1331.90526,10488908
23-05-2022,1346.021973,1363.988465,1329.201304,1333.830364,5887569
24-05-2022,1320.905273,1347.075926,1315.634486,1346.205033,5693167
25-05-2022,1292.901367,1322.280327,1282.634833,1315.405386,9630092
26-05-2022,1305.276245,1310.822076,1289.784801,1299.82217,13040065
27-05-2022,1339.559448,1344.738593,1317.605513,1323.609561,8284860
30-05-2022,1399.554932,1402.488196,1361.238543,1363.071861,10904213
31-05-2022,1392.884766,1406.224467,1378.572447,1399.461946,16033857
01-06-2022,1369.679443,1403.213871,1363.704311,1401.592729,8738508
02-06-2022,1396.960938,1402.38016,1366.946635,1374.728137,7205840
03-06-2022,1409.6521,1440.500155,1406.224588,1412.616541,9395707
06-06-2022,1417.387329,1423.454963,1383.0654,1404.371833,6624883
07-06-2022,1395.756836,1407.938582,1391.958755,1407.938582,4904592
08-06-2022,1389.550049,1408.262611,1382.139115,1408.262611,4697608
09-06-2022,1403.445435,1405.251804,1372.412153,1375.654436,4361061
10-06-2022,1368.05835,1383.945448,1365.093908,1376.673492,6516436
13-06-2022,1319.609253,1337.302833,1307.751715,1337.302833,6987685
14-06-2022,1334.477661,1342.212801,1299.831522,1306.177112,6090247
15-06-2022,1317.47876,1339.896903,1314.375454,1334.153361,4651958
16-06-2022,1294.31958,1337.441998,1289.502518,1332.115389,6641772
17-06-2022,1285.14856,1294.087908,1266.482248,1288.622435,9692047
20-06-2022,1310.021484,1317.617646,1280.238773,1287.69607,4595194
21-06-2022,1343.13916,1348.789975,1317.988281,1319.146239,6270787
22-06-2022,1331.420532,1352.124805,1329.336207,1330.308937,6253366
23-06-2022,1345.501343,1350.642723,1327.483555,1333.782894,6254281
24-06-2022,1334.987183,1359.443289,1323.685553,1350.642804,6114340
27-06-2022,1366.020142,1374.72801,1357.266023,1359.952508,4511097
28-06-2022,1371.161865,1378.665414,1346.010984,1360.832853,4412178
29-06-2022,1355.505981,1368.243523,1349.71619,1356.849168,5060038
30-06-2022,1354.255615,1372.875565,1347.863662,1357.173693,9165177
01-07-2022,1370.466797,1375.654427,1336.144868,1346.937062,4651635
04-07-2022,1378.433472,1382.37053,1354.347941,1371.254131,4800224
05-07-2022,1367.270996,1398.767466,1363.611893,1388.438567,7379669
06-07-2022,1381.814941,1389.550081,1361.759079,1373.060708,5209162
07-07-2022,1388.345703,1402.472795,1385.566603,1392.375489,3323472
08-07-2022,1402.936035,1405.251952,1389.503718,1403.445582,3652582
11-07-2022,1364.677124,1389.457433,1358.424149,1384.918214,4702638
12-07-2022,1332.671021,1360.46202,1330.26249,1354.162794,4710356
13-07-2022,1338.09021,1352.495256,1332.670988,1343.23159,5264025
14-07-2022,1323.639038,1345.964453,1309.882515,1344.158083,6157606
15-07-2022,1325.028564,1339.526226,1306.779186,1339.526226,5620018
18-07-2022,1380.193726,1383.621237,1341.425303,1343.231673,5835171
19-07-2022,1374.867188,1377.368332,1361.85169,1363.194989,3418540
20-07-2022,1403.723511,1413.450361,1389.550055,1390.708013,5079392
21-07-2022,1420.027588,1422.389755,1392.421814,1405.298334,5008061
22-07-2022,1395.38623,1426.604744,1382.278119,1421.046543,7020642
25-07-2022,1392.884766,1405.437078,1371.115151,1371.115151,7859626
26-07-2022,1344.296997,1386.44668,1338.59982,1386.44668,7268273
27-07-2022,1362.731812,1364.538181,1338.599913,1344.158114,4517285
28-07-2022,1405.668945,1412.199763,1380.147496,1386.215243,6636841
29-07-2022,1435.590454,1441.148654,1415.488342,1419.934947,7009465
01-08-2022,1436.841187,1448.837591,1424.659441,1448.837591,2983249
02-08-2022,1429.939575,1433.089245,1415.812483,1432.672425,4374635
03-08-2022,1450.782715,1454.395567,1426.511955,1434.941869,6011955
04-08-2022,1482.094116,1485.753219,1458.981199,1470.607146,7402209
05-08-2022,1497.610718,1505.994268,1484.317379,1489.968193,5361971
08-08-2022,1500.158081,1502.566612,1478.48108,1497.934779,3763409
10-08-2022,1484.456421,1501.825798,1471.16308,1501.825798,4423829
11-08-2022,1500.667603,1511.228205,1497.0085,1509.977633,3462090
12-08-2022,1476.721191,1495.155912,1473.062088,1494.507501,3562286
16-08-2022,1478.898071,1490.524019,1473.942032,1490.524019,3004430
17-08-2022,1487.976563,1493.303171,1468.291269,1478.898123,4067324
18-08-2022,1466.392212,1480.519305,1458.101275,1476.721224,4635706
19-08-2022,1479.500244,1486.72595,1468.383844,1468.569185,4739884
22-08-2022,1459.629883,1481.260525,1458.101355,1469.217757,3950555
23-08-2022,1428.828003,1440.037017,1420.120133,1434.015634,5551574
24-08-2022,1424.288696,1432.162813,1418.267313,1421.97278,2888426
25-08-2022,1406.363403,1434.663834,1402.287368,1434.015422,4331088
26-08-2022,1409.513184,1431.190072,1405.71499,1422.111747,3079136
29-08-2022,1354.116455,1360.415794,1343.231647,1360.415794,8079050
30-08-2022,1383.019165,1385.937243,1358.053627,1364.630808,6725875
01-09-2022,1356.38623,1359.999084,1344.204597,1352.541899,8140604
02-09-2022,1346.010986,1369.170157,1341.379152,1369.170157,5175653
05-09-2022,1353.699585,1358.979829,1339.850336,1344.157964,3669352
06-09-2022,1347.956299,1361.759187,1339.016837,1353.699841,3428442
07-09-2022,1350.318481,1357.822029,1332.161716,1333.968086,3600574
08-09-2022,1367.224731,1372.041793,1355.830375,1366.390979,4061475
09-09-2022,1400.342163,1408.077302,1371.022636,1378.433569,4816910
12-09-2022,1423.084595,1432.07042,1409.142843,1413.450471,5494819
13-09-2022,1431.190186,1438.647483,1427.809038,1437.628502,4947158
14-09-2022,1366.761475,1388.577343,1363.611805,1386.770973,14332197
15-09-2022,1327.29834,1366.5762,1323.824464,1366.390972,12784100
16-09-2022,1275.653198,1320.072432,1267.593741,1320.072432,20464045
19-09-2022,1287.927612,1302.471524,1278.941788,1289.50239,6595241
20-09-2022,1286.306641,1309.46581,1283.110607,1304.278066,7219797
21-09-2022,1275.838501,1286.538081,1267.640179,1278.293395,7917054
22-09-2022,1267.223389,1282.045257,1259.858818,1265.741224,9168498
23-09-2022,1264.907471,1292.096426,1261.711551,1266.806568,10426200
26-09-2022,1278.617798,1296.403995,1255.227036,1259.85887,9414587
27-09-2022,1290.938354,1302.934758,1276.533307,1290.845627,8561254
28-09-2022,1292.00354,1302.332551,1275.606895,1277.459629,7022098
29-09-2022,1295.66272,1306.037981,1290.428726,1301.452511,6119965
30-09-2022,1309.372925,1314.79226,1274.680538,1286.676941,8120130
03-10-2022,1291.123535,1308.029727,1283.944194,1308.029727,4943169
04-10-2022,1324.148682,1326.788804,1309.882611,1315.162856,6631341
06-10-2022,1348.002441,1352.310069,1337.766045,1338.599797,6180672
07-10-2022,1344.343262,1350.503623,1334.106978,1339.850406,3994466
10-10-2022,1354.950317,1357.127257,1321.32316,1321.32316,5274677
11-10-2022,1318.960938,1370.698494,1315.533313,1354.950261,12824774
12-10-2022,1323.500122,1334.987092,1309.465756,1331.189011,5481467
13-10-2022,1315.348267,1332.06912,1310.809047,1325.630916,4821514
14-10-2022,1365.696045,1383.991786,1359.211478,1375.654486,14990688
17-10-2022,1380.240112,1384.91831,1366.854158,1368.151094,4286396
18-10-2022,1392.977661,1399.69382,1387.002641,1398.813817,4692004
19-10-2022,1376.071411,1394.135562,1372.22708,1393.255559,3553171
20-10-2022,1390.383789,1393.255503,1365.649731,1366.390869,4583939
21-10-2022,1390.013184,1395.1082,1381.536906,1389.827955,3594485
24-10-2022,1406.085693,1409.74491,1399.740104,1406.687854,982837
25-10-2022,1413.913452,1420.027449,1409.050027,1415.580844,3914341
27-10-2022,1427.164795,1437.419436,1416.442023,1433.579847,6760137
28-10-2022,1417.144409,1430.910775,1411.291343,1429.084664,3053981
31-10-2022,1439.994751,1448.189043,1433.064698,1433.064698,4542336
01-11-2022,1473.099731,1474.972713,1448.844602,1454.416789,4542692
02-11-2022,1454.650757,1472.865452,1446.87784,1472.163084,2938906
03-11-2022,1433.532837,1445.84771,1425.010796,1441.024761,3174027
04-11-2022,1417.84668,1423.886998,1405.812799,1423.886998,4509682
07-11-2022,1411.712646,1430.863947,1396.401049,1424.776758,4898592
09-11-2022,1415.224487,1431.894065,1405.765956,1431.894065,3334755
10-11-2022,1406.562134,1415.973911,1390.688662,1390.688662,3435763
11-11-2022,1470.383911,1473.568002,1448.423252,1448.423252,7214098
14-11-2022,1484.618652,1490.331222,1468.838694,1475.11325,4908813
15-11-2022,1492.766113,1496.371579,1472.865687,1477.641766,3497614
16-11-2022,1501.00708,1506.813276,1492.297672,1495.715886,4497697
17-11-2022,1486.585083,1501.00706,1482.417632,1495.762622,3469515
18-11-2022,1492.204102,1496.511935,1475.440897,1490.611999,3126064
21-11-2022,1468.604492,1487.006555,1464.718148,1481.621734,3071764
22-11-2022,1484.384399,1487.147001,1462.798246,1469.35368,3399329
23-11-2022,1482.605103,1490.893021,1478.999637,1487.989923,3245067
24-11-2022,1526.292358,1532.098554,1484.103413,1488.083498,5282215
25-11-2022,1531.770752,1539.590425,1511.308457,1527.790667,4563255
28-11-2022,1520.298828,1548.487172,1517.114737,1524.606662,3825766
29-11-2022,1525.589966,1534.673878,1512.479098,1518.238424,3131710
30-11-2022,1531.115112,1541.229256,1510.699688,1517.067755,11868134
01-12-2022,1551.858398,1566.374001,1547.363313,1551.015534,5407928
02-12-2022,1533.877808,1556.259953,1530.178602,1550.828263,4283343
05-12-2022,1535.610474,1540.386553,1520.205249,1533.971615,3824966
06-12-2022,1510.465698,1522.733702,1505.455496,1521.797212,4822398
07-12-2022,1503.535645,1520.673468,1495.294482,1505.876871,4898087
08-12-2022,1517.255249,1520.767089,1496.980205,1503.535639,4206837
09-12-2022,1469.634766,1524.606719,1461.955474,1524.606719,8880658
12-12-2022,1448.93811,1466.497308,1432.877389,1451.56033,8037679
13-12-2022,1472.303833,1477.314035,1443.272622,1448.938322,6135067
14-12-2022,1479.093262,1487.615303,1473.099699,1481.528114,4976020
15-12-2022,1442.663696,1470.290168,1437.747121,1469.63467,6443866
16-12-2022,1425.526001,1451.092241,1416.020712,1428.14822,9630453
19-12-2022,1411.619019,1420.562549,1400.100253,1412.18089,6222740
20-12-2022,1411.572388,1419.719811,1388.300504,1405.672451,7396259
21-12-2022,1413.679443,1424.402215,1406.936642,1418.783271,6236361
22-12-2022,1425.38562,1432.783805,1415.739721,1424.870505,6302640
23-12-2022,1402.02002,1414.007145,1398.180431,1412.883287,6283822
26-12-2022,1406.983521,1414.0072,1401.317707,1405.204165,4115459
27-12-2022,1418.6427,1424.823515,1402.394612,1414.053874,4860076
28-12-2022,1414.241333,1428.101326,1403.331194,1409.51201,5029860
29-12-2022,1421.171509,1424.683349,1405.672542,1408.482014,4624745
30-12-2022,1412.415039,1433.205198,1408.528695,1430.957598,5060544
02-01-2023,1427.211792,1429.553019,1408.528849,1417.846885,3801140
03-01-2023,1425.853638,1435.312169,1418.876715,1423.325045,4551130
04-01-2023,1399.866089,1424.402095,1396.401005,1424.402095,7059590
05-01-2023,1381.510742,1410.261069,1375.938669,1410.261069,9868404
06-01-2023,1356.506714,1381.323716,1354.633733,1376.641263,6443714
09-01-2023,1390.17334,1394.762166,1356.225558,1356.225558,11498717
10-01-2023,1376.406982,1389.658347,1361.704127,1387.878992,7158624
11-01-2023,1377.811768,1399.116928,1371.022211,1376.641154,6173092
12-01-2023,1386.567993,1390.688575,1362.593856,1387.832233,6591385
13-01-2023,1408.153931,1422.903656,1374.768022,1389.283625,11610426
16-01-2023,1428.616455,1430.957682,1406.889918,1414.10085,6073063
17-01-2023,1441.727417,1444.255896,1427.211811,1430.021283,5922644
18-01-2023,1447.252563,1453.292882,1441.820872,1446.643822,5843098
19-01-2023,1441.165405,1451.139053,1429.22515,1442.101896,6165284
20-01-2023,1428.66333,1446.878027,1427.211724,1440.322593,6496429
23-01-2023,1449.687378,1454.650824,1431.051193,1437.513001,4855020
24-01-2023,1453.3396,1469.166312,1451.326122,1460.92515,5200802
25-01-2023,1445.005005,1457.179383,1441.02492,1448.750967,4158617
27-01-2023,1422.669678,1452.450009,1411.665913,1447.814427,6209955
30-01-2023,1441.071777,1445.941483,1423.465708,1431.706871,6964719
31-01-2023,1436.342407,1450.530262,1416.910228,1450.530262,9448126
01-02-2023,1452.590454,1456.28966,1431.004416,1444.255665,6194199
02-02-2023,1483.166992,1486.163716,1453.433416,1453.433416,6916834
03-02-2023,1497.822998,1502.739573,1473.099625,1496.043643,7040194
06-02-2023,1470.149658,1496.51189,1462.423611,1496.51189,4570612
07-02-2023,1463.172852,1475.95597,1456.336425,1469.353666,4336238
08-02-2023,1489.488281,1501.194414,1466.076017,1466.076017,7983338
09-02-2023,1514.30542,1516.880769,1485.321079,1494.826368,6904911
10-02-2023,1506.391968,1513.64977,1495.06034,1510.512435,4786762
13-02-2023,1467.9021,1495.575442,1466.544234,1495.575442,4001199
14-02-2023,1492.063477,1494.638825,1477.922493,1484.056437,5043736
15-02-2023,1495.622314,1497.448425,1475.909142,1483.401067,3465747
16-02-2023,1500.070679,1511.917193,1496.371472,1498.38495,4290289
17-02-2023,1483.213745,1493.702393,1475.440828,1492.765903,2857734
20-02-2023,1491.314209,1501.194229,1481.996174,1484.29053,2417716
21-02-2023,1479.186768,1499.930055,1475.909051,1497.16734,2723288
22-02-2023,1462.611084,1474.972714,1456.523895,1463.734827,3656244
23-02-2023,1452.215942,1470.14976,1449.82796,1470.14976,4766854
24-02-2023,1452.169067,1469.353646,1446.877873,1460.925231,2790986
27-02-2023,1413.445313,1442.195528,1406.608885,1442.195528,4920268
28-02-2023,1393.076538,1427.211572,1387.223472,1419.345029,9679811
01-03-2023,1401.036621,1405.531707,1387.410639,1397.618408,5125043
02-03-2023,1378.654663,1394.059888,1374.112707,1390.688544,4644499
03-03-2023,1385.350586,1395.183737,1379.450649,1392.327395,4615015
06-03-2023,1411.712646,1423.840268,1398.3209,1399.63201,6561742
08-03-2023,1397.899536,1400.990001,1387.036268,1395.886173,4137080
09-03-2023,1386.380737,1403.190698,1380.949046,1400.053477,5104656
10-03-2023,1378.092773,1380.668123,1365.075531,1367.276261,3699580
13-03-2023,1343.95752,1384.413978,1337.30846,1371.209371,8798403
14-03-2023,1329.816528,1356.366011,1321.388114,1349.482829,7402784
15-03-2023,1329.488892,1351.215428,1326.866672,1346.673471,7556182
16-03-2023,1314.926392,1327.756381,1309.86932,1327.756381,7323117
17-03-2023,1330.472046,1351.262204,1321.762753,1339.181454,9090018
20-03-2023,1314.505005,1329.53561,1296.898937,1329.53561,8221829
21-03-2023,1302.377441,1315.769303,1301.721944,1310.150359,8536755
22-03-2023,1301.019653,1317.876485,1294.370592,1313.8964,8356487
23-03-2023,1287.253174,1296.056094,1282.992096,1296.056094,7607718
24-03-2023,1292.965698,1310.103407,1290.01573,1299.848881,7559127
27-03-2023,1300.738525,1307.106707,1286.831663,1298.210047,4170193
28-03-2023,1290.109375,1309.213805,1288.470517,1303.688488,6633366
29-03-2023,1295.681396,1301.628088,1277.888078,1291.420319,8813966
31-03-2023,1337.261719,1339.1347,1305.374282,1314.832814,8711975
03-04-2023,1321.247681,1343.86395,1315.90973,1343.86395,5242764
05-04-2023,1333.141235,1336.840327,1311.086836,1311.086836,7506334
06-04-2023,1331.595947,1337.683136,1320.779436,1326.07063,6948465
10-04-2023,1336.93396,1342.927523,1325.134201,1333.515746,4993788
11-04-2023,1316.846191,1342.318688,1300.785356,1338.151351,6942255
12-04-2023,1337.589478,1340.586202,1311.08675,1323.307997,5831169
13-04-2023,1300.972656,1321.435067,1295.16646,1320.217583,11267238
17-04-2023,1178.38623,1181.055206,1110.022413,1170.894305,53171705
18-04-2023,1179.369263,1189.296039,1173.516197,1189.296039,12430884
19-04-2023,1153.943726,1174.687016,1151.32162,1174.687016,11307230
20-04-2023,1145.702637,1159.23488,1143.829655,1152.53895,8621249
21-04-2023,1149.401611,1154.926928,1142.518429,1150.103979,8691352
24-04-2023,1148.418335,1151.883304,1140.645418,1150.010323,8313774
25-04-2023,1147.1073,1157.034077,1137.83602,1148.090546,6808576
26-04-2023,1149.588989,1154.692817,1143.033556,1150.010364,5680192
27-04-2023,1167.101318,1168.552924,1147.575514,1151.883347,8020704
28-04-2023,1173.188599,1179.041665,1165.883926,1175.9512,10118277
02-05-2023,1196.319824,1198.473798,1174.874282,1174.874282,8886401
03-05-2023,1188.546997,1191.684218,1181.944693,1185.597029,5549783
04-05-2023,1192.667725,1194.774829,1182.319457,1188.359776,4505401
05-05-2023,1179.135376,1197.771563,1174.593419,1197.771563,5373791
08-05-2023,1185.222412,1189.623986,1175.482888,1182.272444,5260842
09-05-2023,1189.998535,1191.216019,1180.633629,1185.597075,4969897
10-05-2023,1183.021606,1195.336479,1179.182018,1195.336479,6515734
11-05-2023,1176.325806,1194.868365,1173.469578,1189.57717,6888461
12-05-2023,1166.11792,1176.232063,1160.358595,1173.75034,8292212
15-05-2023,1178.432739,1188.312759,1166.539356,1170.519441,5534710
16-05-2023,1184.005127,1193.04217,1182.553521,1184.660625,5236469
17-05-2023,1167.710083,1180.867707,1163.542631,1180.539958,10465667
18-05-2023,1166.86731,1179.650429,1163.542722,1178.667068,6948732
19-05-2023,1188.312866,1192.433447,1173.235391,1176.278986,11094136
22-05-2023,1210.694946,1213.317051,1189.57704,1192.105519,7625947
23-05-2023,1217.484619,1230.689113,1214.675147,1216.688511,7436031
24-05-2023,1216.173462,1222.120154,1209.290279,1213.972732,4824077
25-05-2023,1221.511475,1223.993198,1207.37049,1212.287065,4334121
26-05-2023,1233.779419,1239.398362,1223.056648,1223.056648,5521606
29-05-2023,1230.923218,1248.060926,1226.66214,1248.060926,4419365
30-05-2023,1239.773071,1242.161168,1226.006705,1231.485152,6274719
31-05-2023,1234.575684,1246.562695,1230.689224,1236.027176,17800782
01-06-2023,1235.699341,1245.064247,1234.388231,1238.555683,4277841
02-06-2023,1232.852051,1246.044255,1230.052318,1242.342829,10909311
05-06-2023,1238.072144,1242.770033,1231.238829,1237.597605,5002553
06-06-2023,1213.870605,1222.98173,1208.176138,1222.98173,10008100
07-06-2023,1223.313721,1228.10661,1217.192216,1224.784838,5397578
08-06-2023,1217.477173,1226.208643,1215.863671,1220.703945,5034942
09-06-2023,1201.484985,1217.192269,1199.63433,1217.192269,5339073
12-06-2023,1226.161133,1229.720175,1208.176153,1208.650692,4785588
13-06-2023,1238.404297,1239.970299,1231.001559,1233.706408,4846587
14-06-2023,1234.18103,1240.160152,1227.347599,1239.827998,3457981
15-06-2023,1221.273438,1228.059252,1217.334741,1228.059252,6161155
16-06-2023,1225.876465,1235.224859,1215.816263,1221.46323,8536287
19-06-2023,1228.106689,1233.326617,1221.510645,1228.106689,4451787
20-06-2023,1237.028198,1238.5467,1225.354493,1228.106843,4009180
21-06-2023,1233.184326,1237.407792,1229.055861,1233.75375,4041529
22-06-2023,1216.290649,1223.740887,1208.650527,1223.740887,6676607
23-06-2023,1200.583496,1214.20274,1199.017494,1211.450391,7239467
26-06-2023,1205.661011,1209.125168,1197.973503,1205.566126,3403244
27-06-2023,1214.012939,1216.717788,1209.314935,1214.819632,3240024
28-06-2023,1227.489868,1230.669256,1216.148434,1224.31048,5662358
30-06-2023,1267.493408,1270.720296,1238.024496,1241.583538,12821692
03-07-2023,1265.785156,1277.458861,1260.802497,1262.273614,7732412
04-07-2023,1276.6521,1277.458793,1263.602279,1275.845407,5797775
05-07-2023,1278.692627,1288.800213,1272.71339,1288.705329,5414936
06-07-2023,1275.465698,1278.834855,1269.059423,1274.184466,5963897
07-07-2023,1262.463257,1277.268963,1257.860253,1266.069799,6295647
10-07-2023,1261.466797,1273.567539,1252.118404,1268.489996,3940315
11-07-2023,1279.926392,1282.109317,1259.426333,1265.547839,6126128
12-07-2023,1265.405518,1283.058342,1259.426281,1282.204149,8102770
13-07-2023,1295.586182,1306.690462,1263.080264,1266.924076,9977644
14-07-2023,1353.337402,1357.181214,1310.344249,1310.344249,12833381
17-07-2023,1350.490234,1384.657036,1342.280804,1353.337468,11569884
18-07-2023,1400.07959,1402.689554,1356.23224,1360.977629,16743977
19-07-2023,1399.842285,1422.477884,1386.317926,1410.329641,13687062
20-07-2023,1375.688232,1396.093405,1367.336302,1396.093405,8347221
21-07-2023,1263.792114,1281.255171,1238.546665,1252.972603,45548305
24-07-2023,1268.537476,1281.160258,1266.307166,1272.713441,8859789
25-07-2023,1266.639282,1274.469175,1256.81635,1268.917092,6801982
26-07-2023,1280.163696,1281.255159,1271.194957,1274.611614,5528885
27-07-2023,1284.244751,1294.352454,1278.455399,1289.417179,9191861
28-07-2023,1272.238892,1294.399837,1267.968041,1284.909058,6122735
31-07-2023,1286.664795,1288.373181,1265.358044,1280.06875,7902180
01-08-2023,1295.680908,1299.28745,1287.898517,1292.643906,6064652
02-08-2023,1287.756104,1302.087154,1279.783827,1299.572191,7419145
03-08-2023,1294.826904,1296.962329,1280.305967,1281.255045,6503741
04-08-2023,1308.161377,1315.326961,1292.643978,1299.192638,5712345
07-08-2023,1322.06543,1323.963585,1306.880184,1317.225156,3729093
08-08-2023,1319.408081,1322.587585,1313.903499,1321.923161,4161877
09-08-2023,1323.394043,1324.912544,1312.099995,1313.523611,4090828
10-08-2023,1318.364014,1324.722905,1315.042241,1320.736708,3873025
11-08-2023,1301.99231,1325.719254,1297.436806,1321.11625,5783517
14-08-2023,1322.587402,1323.963519,1296.060609,1301.992345,4304135
16-08-2023,1346.266968,1347.643084,1333.834071,1338.959114,7735313
17-08-2023,1339.670898,1347.69056,1334.40347,1347.69056,5618346
18-08-2023,1318.079346,1336.965902,1315.564266,1332.220513,5134103
21-08-2023,1333.833984,1335.352486,1316.513314,1318.980893,3032722
22-08-2023,1332.267944,1334.45087,1325.529515,1333.169522,2890714
23-08-2023,1336.25415,1344.463697,1334.071341,1343.894274,2559125
24-08-2023,1351.107178,1352.48341,1342.423092,1349.114137,5171963
25-08-2023,1347.7854,1350.06321,1339.52847,1341.046971,4307172
28-08-2023,1343.562134,1352.24622,1339.528553,1347.785484,3133464
29-08-2023,1345.460327,1351.866603,1343.230017,1351.486949,3074444
30-08-2023,1362.069092,1363.492709,1351.486851,1354.334084,3070887
31-08-2023,1362.35376,1371.322615,1355.9001,1362.069106,9792735
01-09-2023,1370.326172,1372.366713,1355.473079,1358.083043,3582133
04-09-2023,1390.493774,1395.144279,1361.641788,1369.51918,4609014
05-09-2023,1403.591309,1404.682771,1382.331941,1390.399103,5496840
06-09-2023,1402.214966,1407.387509,1388.785607,1406.438432,5075786
07-09-2023,1391.537964,1398.371394,1387.599383,1395.71393,4411743
08-09-2023,1394.764893,1399.652667,1385.843537,1388.97554,3125838
11-09-2023,1401.265991,1402.784609,1389.924557,1394.764831,4182226
12-09-2023,1424.660767,1427.413116,1401.882898,1407.007941,6793161
13-09-2023,1422.050781,1428.362172,1412.844772,1428.362172,4804686
14-09-2023,1430.212769,1435.527697,1422.810031,1428.362113,6444213
15-09-2023,1434.626099,1441.079875,1432.158519,1440.70022,8657816
18-09-2023,1415.834351,1428.267247,1412.227808,1428.267247,3991916
20-09-2023,1414.363281,1418.966286,1401.028691,1401.028691,4169337
21-09-2023,1425.277588,1427.935052,1400.838835,1410.851652,6779195
22-09-2023,1419.962891,1430.212862,1409.570418,1415.92931,5455613
25-09-2023,1399.08313,1413.983606,1396.615551,1413.983606,4217863
26-09-2023,1386.270508,1404.540255,1384.704506,1403.828447,3996528
27-09-2023,1392.297119,1394.764698,1376.210297,1381.857263,3863586
28-09-2023,1366.150146,1397.612102,1361.926796,1393.151482,5814602
29-09-2023,1362.35376,1373.125886,1343.894242,1359.174372,6068968
03-10-2023,1360.977661,1363.824895,1347.975341,1362.923317,4181867
04-10-2023,1370.800537,1376.11535,1345.982129,1352.435904,4510406
05-10-2023,1388.927856,1400.506675,1376.352576,1378.060962,7384621
06-10-2023,1403.401245,1408.905942,1388.78554,1394.669776,3598672
09-10-2023,1400.316895,1415.075102,1387.741613,1390.304193,3567552
10-10-2023,1419.013794,1420.769565,1394.290269,1408.336668,5688951
11-10-2023,1418.302124,1440.93761,1406.011495,1420.769704,7220129
12-10-2023,1390.873657,1427.792811,1378.061106,1415.929337,11081662
13-10-2023,1358.272827,1364.773987,1328.709028,1333.454417,17973439
16-10-2023,1361.119995,1370.088734,1357.181299,1359.174339,4850745
17-10-2023,1368.997314,1379.342286,1364.821465,1366.90939,3923764
18-10-2023,1367.194214,1379.959265,1365.106173,1368.57033,4264837
19-10-2023,1360.64563,1366.340098,1353.480045,1353.480045,6795691
20-10-2023,1354.571289,1365.248414,1352.673133,1357.181253,3928622
23-10-2023,1336.918457,1359.411554,1333.691569,1353.005279,2636516
25-10-2023,1317.114502,1348.358778,1308.702582,1344.945894,6940777
26-10-2023,1306.92395,1320.911819,1300.819323,1302.69405,6357656
27-10-2023,1327.016357,1331.486715,1310.961655,1310.961655,4634358
30-10-2023,1323.843994,1327.016419,1310.43292,1327.016419,2667696
31-10-2023,1315.528198,1327.785568,1310.336818,1326.631862,3451595
01-11-2023,1301.828735,1324.228406,1299.42533,1319.998506,3090672
02-11-2023,1317.210571,1323.122973,1309.038992,1317.066343,3758060
03-11-2023,1335.380249,1338.216221,1324.516809,1326.727989,3349045
06-11-2023,1349.079712,1352.877046,1337.062684,1340.042883,2736381
07-11-2023,1350.041138,1351.579294,1340.956193,1345.907233,2272209
08-11-2023,1337.255005,1350.714078,1332.880759,1350.714078,3550635
09-11-2023,1321.680908,1343.503785,1317.114437,1341.965629,5498051
10-11-2023,1315.960815,1320.09472,1308.414145,1317.018291,2943649
13-11-2023,1320.479248,1329.035279,1317.883499,1326.53576,3462092
15-11-2023,1356.001465,1359.366233,1339.177625,1344.945799,8551860
16-11-2023,1389.072388,1397.243967,1356.097614,1361.385107,6673907
17-11-2023,1382.00647,1394.936746,1379.603064,1385.371238,4901251
20-11-2023,1381.093018,1395.89802,1378.257046,1386.284397,3584210
21-11-2023,1383.400391,1393.975376,1381.237325,1386.284478,3793135
22-11-2023,1401.473999,1402.579472,1380.70848,1380.70848,3108786
23-11-2023,1393.254272,1411.183702,1391.764114,1411.183702,3186928
24-11-2023,1381.862305,1396.523081,1378.449421,1389.697432,2973195
28-11-2023,1386.957275,1389.168456,1371.91205,1388.207093,3755373
29-11-2023,1403.204346,1404.261821,1393.783066,1395.032766,3875778
30-11-2023,1398.926392,1404.213884,1393.542786,1397.09978,10120867
01-12-2023,1396.186401,1403.492731,1390.274,1403.492731,3489187
04-12-2023,1407.770752,1415.029084,1393.302321,1404.021416,5511948
05-12-2023,1397.772705,1410.222418,1386.284472,1409.164943,5123039
06-12-2023,1417.336548,1419.932179,1394.984873,1400.464592,5269178
07-12-2023,1409.260986,1415.942407,1405.319424,1415.942407,4424453
08-12-2023,1433.5354,1436.948166,1409.597456,1413.587133,6323433
11-12-2023,1430.987671,1440.120612,1424.738816,1432.429714,3862018
12-12-2023,1419.018921,1432.429879,1410.943454,1420.412849,6103494
13-12-2023,1393.013916,1419.018812,1377.776348,1418.970697,8549258
14-12-2023,1443.437378,1452.618435,1404.886773,1406.857613,12489858
15-12-2023,1517.414307,1527.172158,1462.232086,1464.202926,18395389
18-12-2023,1503.907104,1531.450158,1500.013658,1507.367985,6467243
19-12-2023,1498.090942,1513.136169,1483.622393,1509.434947,4221721
20-12-2023,1477.036987,1522.317126,1470.884245,1504.580039,6592367
21-12-2023,1476.652588,1486.891121,1462.472493,1462.472493,5319038
22-12-2023,1502.513184,1505.493383,1464.154804,1475.643037,6741060
26-12-2023,1484.295288,1488.188852,1464.154795,1475.691142,6878067
27-12-2023,1506.550903,1509.338878,1484.343457,1484.343457,4225849
28-12-2023,1502.272705,1508.329217,1494.918261,1508.329217,5702253
29-12-2023,1483.285889,1499.196364,1480.497915,1481.507392,4388990
01-01-2024,1491.409424,1496.841144,1475.931514,1479.536623,2808451
02-01-2024,1475.114258,1489.294351,1464.154705,1486.266036,5396313
03-01-2024,1432.42981,1461.222563,1430.507085,1461.222563,7550363
04-01-2024,1454.252686,1461.030337,1435.217783,1446.802128,7056038
05-01-2024,1473.335815,1480.209462,1448.05194,1448.532622,8895403
08-01-2024,1463.962646,1476.652583,1454.781589,1469.874931,4440136
09-01-2024,1470.211426,1492.995666,1466.894655,1482.324567,4412074
10-01-2024,1461.174561,1476.123674,1446.850239,1466.02937,4096845
11-01-2024,1436.467529,1466.077536,1429.161199,1465.981423,11296088
12-01-2024,1550.437134,1555.484286,1495.303026,1501.647994,26754401
15-01-2024,1588.266602,1600.620083,1572.788692,1581.392838,13228305
16-01-2024,1568.510742,1584.805787,1562.213772,1581.248793,6500917
17-01-2024,1576.826416,1583.844408,1557.647285,1557.647285,9209876
18-01-2024,1579.133667,1585.286409,1565.338142,1579.181782,6375464
19-01-2024,1595.092163,1601.148792,1580.623732,1587.785834,4522736
23-01-2024,1578.70105,1609.993321,1574.422917,1586.343833,9401255
24-01-2024,1610.666504,1615.088747,1581.441065,1595.765387,8999681
25-01-2024,1604.609863,1615.617533,1593.938765,1608.311085,8865304
29-01-2024,1592.592773,1614.463766,1583.940513,1600.812468,4253785
30-01-2024,1587.641602,1624.702162,1584.565289,1598.216586,4995943
31-01-2024,1596.726685,1602.831312,1574.807577,1584.565428,6763779
01-02-2024,1593.025391,1612.204521,1586.584193,1595.428796,5760011
02-02-2024,1627.922852,1652.101137,1600.668253,1601.677731,7858483
05-02-2024,1622.010498,1635.037005,1616.867233,1629.268831,3634135
06-02-2024,1662.62793,1666.040813,1609.272324,1621.577808,7694265
07-02-2024,1628.307373,1662.195394,1621.67395,1662.195394,4613877
08-02-2024,1626.721069,1640.420482,1617.780471,1632.39313,5919715
09-02-2024,1604.850098,1627.490226,1595.669158,1619.606985,4600004
12-02-2024,1615.184814,1627.538297,1605.811532,1605.811532,3555808
13-02-2024,1619.462891,1623.837019,1599.226168,1617.972732,2696481
14-02-2024,1601.821899,1604.946327,1572.308122,1596.053725,3768579
15-02-2024,1611.579712,1622.539266,1597.399618,1612.204621,4834391
16-02-2024,1635.9021,1642.968089,1622.731366,1623.740844,4880654
19-02-2024,1634.075439,1645.371446,1622.490978,1639.122591,3690993
20-02-2024,1620.135864,1628.788125,1604.273386,1619.895524,3706389
21-02-2024,1591.583374,1609.320461,1581.729411,1609.320461,4300508
22-02-2024,1616.386475,1619.510902,1580.864185,1600.668225,5841277
23-02-2024,1612.060303,1632.825704,1607.301606,1631.431776,5373072
26-02-2024,1596.005615,1610.233707,1581.440953,1610.233707,2782438
27-02-2024,1599.322266,1606.532483,1588.939623,1596.822747,5159088
28-02-2024,1606.676758,1622.587351,1597.832272,1605.475055,3188916
29-02-2024,1609.224243,1617.251594,1589.420205,1600.668096,7814722
01-03-2024,1590.766113,1607.349613,1587.20912,1604.513641,6387291
04-03-2024,1573.942261,1600.139383,1570.529495,1593.794415,4445156
05-03-2024,1544.428467,1574.086469,1540.102337,1570.865929,4596579
06-03-2024,1555.051514,1557.551032,1515.106866,1540.871421,6420684
07-03-2024,1553.994019,1565.530366,1542.217331,1554.138246,6348359
11-03-2024,1538.75647,1551.446522,1526.643328,1546.014802,6752895
12-03-2024,1550.629272,1562.213735,1535.9205,1538.179678,4614222
13-03-2024,1549.13916,1561.732982,1536.785679,1550.581204,5688997
14-03-2024,1589.42041,1593.698426,1545.870649,1552.023392,8803799
15-03-2024,1570.865967,1582.210089,1555.820624,1577.691616,11809997
18-03-2024,1540.727295,1569.568164,1537.074071,1567.02053,4958904
19-03-2024,1501.119141,1537.218343,1497.802488,1530.82526,6870411
20-03-2024,1494.870361,1514.097609,1492.370843,1502.609375,4759059
21-03-2024,1494.629883,1516.020193,1483.76656,1503.570599,11062497
22-03-2024,1450.551514,1469.826875,1440.312981,1462.232089,14673890
26-03-2024,1434.977417,1449.205508,1430.410946,1434.352508,8351081
27-03-2024,1426.517334,1441.081995,1424.306271,1438.197909,6857402
28-03-2024,1440.168823,1453.387555,1429.689951,1429.689951,12499530
01-04-2024,1437.669189,1470.836188,1435.121673,1466.077492,6580002
02-04-2024,1425.55603,1435.458109,1423.633306,1427.478755,7279400
03-04-2024,1423.44104,1437.332678,1418.00932,1421.854769,8736248
04-04-2024,1429.257324,1437.861587,1411.279896,1432.958663,11186915
05-04-2024,1421.950928,1429.257258,1419.018843,1422.864292,5072482
08-04-2024,1419.643677,1433.34309,1417.144158,1425.700306,6610887
09-04-2024,1437.092407,1455.310293,1429.834192,1432.429824,9423230
10-04-2024,1448.580688,1451.512773,1427.190378,1442.379832,6744595
12-04-2024,1427.38269,1448.580776,1422.335538,1445.888915,12275616
15-04-2024,1411.424072,1434.304424,1404.598423,1422.816192,8531224
16-04-2024,1359.798828,1398.926343,1358.453015,1394.936666,16173541
18-04-2024,1364.413452,1388.880076,1353.117445,1366.191949,22107945
19-04-2024,1356.722534,1371.719762,1325.47826,1331.486774,20603621
22-04-2024,1377.391846,1381.333408,1358.453055,1365.038364,5859087
23-04-2024,1386.668945,1390.94696,1377.632117,1387.245739,4856174
24-04-2024,1375.469116,1388.495622,1371.912123,1388.495622,4268213
25-04-2024,1382.87146,1389.072317,1365.134374,1365.134374,9089398
26-04-2024,1374.988403,1389.553065,1371.863976,1384.07323,8062444
29-04-2024,1379.314575,1384.169502,1373.06572,1374.699989,5055957
30-04-2024,1365.66333,1381.045128,1362.779243,1379.266513,6936588
02-05-2024,1359.798828,1368.979885,1357.29931,1358.4049,10076354
03-05-2024,1361.577515,1369.749094,1348.983574,1367.153346,8842345
06-05-2024,1370.806519,1389.841422,1362.346483,1365.134458,6445422
07-05-2024,1385.274902,1387.582195,1360.904393,1369.893106,6080661
08-05-2024,1372.152466,1384.12138,1370.518079,1379.795249,6234983
09-05-2024,1383.929077,1393.927151,1369.796982,1372.39273,6088406
10-05-2024,1369.845093,1380.468075,1358.404859,1379.602943,8777481
13-05-2024,1368.45105,1369.941208,1356.674362,1369.941208,3735954
14-05-2024,1369.65271,1378.353085,1363.259745,1371.287096,3463230
15-05-2024,1365.086304,1376.47854,1363.74049,1370.902592,4327544
16-05-2024,1397.195801,1399.503094,1371.863929,1378.54535,9249145
17-05-2024,1388.495605,1400.70486,1383.640679,1400.70486,7542860
21-05-2024,1378.737793,1388.880095,1373.20996,1374.748116,6752663
22-05-2024,1398.589844,1403.540765,1372.825289,1373.54631,7173285
23-05-2024,1415.509766,1421.037598,1393.975228,1398.493584,8641428
24-05-2024,1408.491943,1418.490135,1403.589019,1411.520258,5277938
27-05-2024,1414.500366,1422.431605,1403.829268,1414.981047,5821844
28-05-2024,1410.366699,1418.970845,1403.877503,1418.490164,6186922
29-05-2024,1394.888672,1408.876541,1393.975425,1408.780428,7401634
30-05-2024,1372.296631,1393.831171,1366.624687,1387.053637,9663150
31-05-2024,1371.760376,1400.864799,1365.032691,1374.587967,37113815
03-06-2024,1370.7854,1404.033674,1368.932832,1404.033674,10589244
04-06-2024,1358.841309,1379.658033,1324.422937,1373.807893,13736134
05-06-2024,1394.380859,1402.083568,1365.178958,1365.178958,9233424
06-06-2024,1435.478271,1437.477117,1401.596207,1408.860084,12660930
07-06-2024,1495.295776,1501.243395,1440.353235,1444.009572,24075302
10-06-2024,1462.291382,1491.590883,1459.902622,1487.203278,6810606
11-06-2024,1458.391113,1468.823815,1456.636024,1462.583761,4853054
12-06-2024,1448.104736,1471.066585,1445.715977,1469.360295,9564320
13-06-2024,1456.636108,1467.410164,1452.151025,1457.659931,7307565
14-06-2024,1451.71228,1466.142554,1448.933488,1466.142554,4237727
18-06-2024,1460.779907,1469.36016,1458.049913,1459.609927,5420939
19-06-2024,1473.601563,1477.794211,1459.317446,1467.410188,5493456
20-06-2024,1477.550415,1479.59794,1461.657487,1478.42796,7927010
21-06-2024,1494.418335,1518.842719,1485.643124,1506.411171,17301941
24-06-2024,1489.006958,1490.908206,1477.550433,1486.471921,5564989
25-06-2024,1503.437256,1505.338623,1482.376775,1487.885681,4551525
26-06-2024,1502.218384,1510.164848,1496.660798,1502.510938,4851004
27-06-2024,1534.052979,1538.976894,1493.784585,1500.024639,14757754
28-06-2024,1527.617798,1548.824555,1525.18024,1533.272981,8197544
01-07-2024,1551.067261,1559.93995,1520.548981,1520.548981,6801771
02-07-2024,1580.561646,1592.993193,1546.874541,1556.33222,10493173
03-07-2024,1586.753052,1595.138229,1565.887528,1584.412972,7269965
04-07-2024,1609.422363,1618.538808,1587.33806,1587.533017,8008311
05-07-2024,1606.302246,1624.2427,1592.55444,1610.20234,7065022
08-07-2024,1620.147583,1624.388911,1599.038304,1602.060852,5880533
09-07-2024,1615.76001,1625.12021,1609.763592,1618.441324,5191182
10-07-2024,1607.082275,1632.189127,1596.649573,1615.61373,9852770
11-07-2024,1611.421021,1623.413855,1601.037117,1614.638645,8857679
12-07-2024,1668.996216,1676.796403,1625.022687,1638.039225,17078316
15-07-2024,1664.413696,1684.840388,1660.12357,1683.085299,6942230
16-07-2024,1682.939209,1694.493213,1657.539801,1675.675213,6886281
18-07-2024,1714.139893,1721.306291,1676.065182,1676.065182,11248896
19-07-2024,1748.168091,1797.943081,1741.830439,1797.943081,29819116
22-07-2024,1765.620972,1777.467529,1748.16803,1755.18827,8462126
23-07-2024,1791.020386,1793.994135,1738.71036,1764.792234,7113056
24-07-2024,1788.144165,1796.334386,1774.152603,1791.605546,6002845
25-07-2024,1779.271362,1785.170301,1766.742336,1774.542523,5815599
26-07-2024,1831.971436,1835.969008,1779.758886,1779.758886,11369047
29-07-2024,1824.366211,1855.46948,1817.443569,1846.304237,4635931
30-07-2024,1830.265137,1832.995131,1813.543462,1824.366198,2721265
31-07-2024,1821.587402,1838.065321,1818.467375,1830.118857,5004209
01-08-2024,1806.328247,1821.246152,1799.015572,1809.740829,7475014
02-08-2024,1775.712524,1813.055967,1770.788728,1796.968082,7400938
05-08-2024,1708.143555,1752.604599,1675.626547,1740.368007,10736703
06-08-2024,1707.363403,1752.068201,1701.269507,1716.236092,7690163
07-08-2024,1746.900757,1752.994653,1718.088767,1751.142085,5094329
08-08-2024,1699.611938,1735.492726,1683.962766,1735.492726,6227910
09-08-2024,1726.522583,1736.272816,1712.140989,1727.010095,4258524
12-08-2024,1752.50708,1758.454699,1723.938847,1728.765284,4315329
13-08-2024,1752.555664,1764.792255,1744.365563,1764.792255,4176918
14-08-2024,1777.711426,1779.417717,1752.555774,1756.992178,7450718
16-08-2024,1812.519653,1815.347245,1783.805263,1803.793242,7335657
19-08-2024,1818.223633,1820.904947,1803.013173,1813.543473,2585989
20-08-2024,1825.438721,1838.601536,1821.538627,1833.043951,3870333
21-08-2024,1825.926147,1832.068842,1820.466041,1828.266227,1966902
22-08-2024,1833.28772,1846.353057,1823.001175,1836.944057,4300287
23-08-2024,1815.590942,1835.578921,1810.618347,1831.288794,5015935
26-08-2024,1829.290161,1841.575432,1817.443603,1823.293743,3728589
27-08-2024,1852.641846,1855.225681,1827.096282,1829.290084,3830679
28-08-2024,1890.667847,1902.270649,1850.009419,1859.272141,6514531
29-08-2024,1885.061401,1901.783076,1872.922408,1884.720167,7228284
30-08-2024,1895.152832,1901.295527,1879.845013,1889.595247,13466759
02-09-2024,1915.433472,1926.402485,1894.275511,1894.811703,5573739
03-09-2024,1892.76416,1917.871013,1888.084,1917.871013,4694322
04-09-2024,1874.433594,1879.064955,1852.593166,1873.117336,4778310
05-09-2024,1884.866455,1891.545341,1861.904607,1878.13877,4081810
06-09-2024,1854.348145,1888.132728,1849.473028,1873.994889,5848106
09-09-2024,1847.328003,1872.873567,1841.819097,1842.794121,4772612
10-09-2024,1864.537231,1886.670214,1848.644303,1857.322035,6909600
11-09-2024,1862.440796,1877.894892,1857.419402,1866.877081,5312946
12-09-2024,1901.734253,1907.535713,1863.074672,1876.919956,8555092
13-09-2024,1895.542969,1909.680808,1887.304069,1901.734344,3843127
16-09-2024,1901.539429,1903.24572,1884.769073,1897.151823,1570181
17-09-2024,1903.78186,1909.534403,1893.641594,1899.101701,2793127
18-09-2024,1844.890503,1890.326568,1834.311523,1890.326568,6385468
19-09-2024,1846.88916,1876.822448,1831.873896,1862.879567,7976570
20-09-2024,1858.150879,1867.169846,1820.758755,1857.419611,15242974
23-09-2024,1849.083008,1870.972354,1831.532587,1861.319599,3636672
24-09-2024,1851.179321,1863.172156,1824.658734,1840.844098,7277616
25-09-2024,1847.961792,1854.104368,1829.92386,1839.235262,4268341
26-09-2024,1852.788208,1870.046075,1845.719288,1850.399448,8952803
27-09-2024,1859.125854,1925.281168,1855.762071,1883.842674,14908931
30-09-2024,1828.753906,1853.763281,1823.781311,1833.044033,6986955
01-10-2024,1856.785767,1861.27085,1828.168854,1828.168854,4029072
03-10-2024,1846.109253,1864.098386,1834.018939,1842.306638,7503887
04-10-2024,1870.241089,1905.293131,1838.894064,1842.355444,10001483
07-10-2024,1885.987671,1893.495303,1868.193495,1875.164817,6112575
08-10-2024,1899.881836,1909.04696,1858.735778,1889.497813,5637391
09-10-2024,1903.976807,1927.621122,1896.517854,1903.78185,4857163
10-10-2024,1871.069946,1914.946,1866.292308,1908.998381,4782119
11-10-2024,1886.7677,1898.370502,1862.392116,1870.094824,4709431
14-10-2024,1909.973267,1920.30849,1882.86757,1883.891392,3751378
15-10-2024,1910.363403,1941.710311,1903.001929,1911.045872,5353705
16-10-2024,1872.142456,1910.607202,1868.486118,1906.170797,3111512
17-10-2024,1918.943481,1928.596237,1881.941392,1886.865189,8162822
18-10-2024,1832.653931,1888.474019,1822.562462,1846.499334,10526196
21-10-2024,1806.474609,1851.374485,1792.093014,1843.866733,4654601
22-10-2024,1805.353149,1830.898832,1800.819267,1811.78828,4125240
23-10-2024,1826.608887,1838.894158,1797.943175,1799.161954,4311910
24-10-2024,1816.809814,1836.944071,1813.54351,1814.908566,2906475
25-10-2024,1815.542358,1829.485122,1800.283218,1816.907296,4689120
28-10-2024,1818.759888,1834.896573,1810.618466,1813.250982,7018940
29-10-2024,1813.779907,1825.909173,1803.622771,1820.386897,4621252
30-10-2024,1777.096069,1813.484111,1771.42585,1806.581235,5919715
31-10-2024,1732.868408,1763.093168,1722.267563,1763.093168,7395236
01-11-2024,1736.418335,1741.496903,1727.740506,1740.017716,371966
04-11-2024,1739.179565,1742.48306,1694.16293,1700.572743,7336722
05-11-2024,1729.860596,1743.912878,1720.788293,1735.580169,3160880
06-11-2024,1798.396362,1801.8478,1738.193495,1739.52474,10421494
07-11-2024,1778.032959,1800.368597,1762.205603,1787.795501,4550965
08-11-2024,1804.55957,1815.061827,1787.992741,1792.775424,4210960
11-11-2024,1834.29126,1842.081672,1797.262335,1803.622793,3804234
12-11-2024,1842.870605,1854.901283,1835.178782,1845.138621,5012450
13-11-2024,1842.476196,1847.209525,1830.544106,1835.277435,4257495
14-11-2024,1838.679565,1849.970649,1830.248148,1839.714925,4311431
18-11-2024,1786.316284,1823.542507,1770.094574,1823.542507,4839244
19-11-2024,1799.431763,1833.896787,1795.290085,1800.171357,4669769
21-11-2024,1808.602783,1841.095557,1795.339328,1816.44243,5436504
22-11-2024,1875.856445,1887.492769,1808.553408,1828.374498,6301486
25-11-2024,1863.480591,1892.669991,1855.887476,1889.41573,12764638
26-11-2024,1897.452637,1911.702096,1870.975202,1878.518963,6850495
27-11-2024,1897.797729,1914.463268,1885.224635,1903.320006,4447143
28-11-2024,1830.88916,1888.330946,1825.958535,1888.330946,8468790
29-11-2024,1832.07251,1850.95683,1819.400826,1825.416165,5244346
02-12-2024,1853.718018,1856.676393,1809.736742,1833.206567,2868263
03-12-2024,1865.84729,1873.391171,1845.188017,1860.818076,4715792
04-12-2024,1863.036865,1887.394107,1848.984582,1857.859708,4705573
05-12-2024,1908.00415,1922.845381,1862.740984,1873.637714,9050038
06-12-2024,1895.726929,1911.061102,1885.865678,1905.982654,3573331
09-12-2024,1896.959595,1903.418642,1870.876513,1897.501891,4274645
10-12-2024,1921.51416,1938.327521,1905.193741,1912.096617,6174921
11-12-2024,1946.758911,1950.555469,1924.916216,1927.874591,5025612
12-12-2024,1959.430542,1971.066866,1943.208833,1947.794218,6462130
13-12-2024,1971.954346,1978.61069,1926.691299,1942.419947,5362693
16-12-2024,1952.577026,1971.8557,1950.160948,1967.763256,3119221
17-12-2024,1949.174927,1954.500027,1930.833023,1940.694275,5811050
18-12-2024,1951.689575,1957.409029,1934.383031,1939.510954,3064095
19-12-2024,1919.196655,1932.558699,1893.360225,1907.165977,5323592
20-12-2024,1895.480347,1952.478304,1884.731559,1947.744976,11056720
23-12-2024,1897.600586,1913.082702,1882.512824,1903.270805,2781793
24-12-2024,1882.562134,1915.054907,1814.470149,1900.312385,2360544
26-12-2024,1880.935059,1893.11368,1875.905845,1882.562189,3623321
27-12-2024,1890.155273,1897.452623,1877.48359,1882.907278,3937500
30-12-2024,1879.554443,1889.415694,1860.325004,1889.119809,7789055
31-12-2024,1853.915161,1870.679288,1819.450138,1866.044548,3613063
01-01-2025,1856.380493,1866.685452,1847.99843,1847.99843,1838368
02-01-2025,1930.685059,1935.418507,1859.141753,1860.818117,7083645
03-01-2025,1911.850098,1925.853026,1895.332502,1925.853026,6218003
06-01-2025,1910.962524,1945.624846,1901.249216,1924.916219,7164403
07-01-2025,1904.059692,1931.375431,1896.95964,1918.013387,4294832
08-01-2025,1906.327759,1911.702092,1862.54378,1903.221441,5482050
09-01-2025,1890.697754,1924.768305,1884.041409,1907.21535,6833503
10-01-2025,1939.658691,1950.358245,1905.440199,1910.124293,8036913
13-01-2025,1934.974609,1955.288883,1921.957806,1928.860682,5804152
14-01-2025,1913.13208,1944.441553,1904.306188,1941.532411,5792162
15-01-2025,1922.598877,1930.882352,1910.222958,1919.985621,2985439
16-01-2025,1901.692871,1939.658687,1890.253844,1938.672562,7533579
17-01-2025,1790.260742,1832.220413,1786.858659,1825.317537,16409953
20-01-2025,1788.140747,1802.587384,1768.270302,1797.656758,4333011
21-01-2025,1775.715454,1806.236099,1768.171693,1793.810946,7169109
22-01-2025,1830.691895,1839.912261,1780.103749,1782.322531,8373913
23-01-2025,1839.567017,1853.471477,1826.993922,1832.220433,5907471
24-01-2025,1849.428345,1868.608551,1838.383791,1839.616448,4887027
27-01-2025,1796.719971,1837.151101,1786.858719,1823.098818,7652371
28-01-2025,1804.362427,1837.644149,1799.579744,1804.608958,6999495
29-01-2025,1855.147827,1862.445177,1814.96323,1819.400793,5145155
30-01-2025,1834.143311,1861.015219,1818.414664,1847.160234,7336056
31-01-2025,1853.718018,1871.123029,1845.040069,1845.040069,5820470
01-02-2025,1825.66272,1864.368131,1820.386974,1854.211114,1701402
03-02-2025,1837.447021,1850.51318,1806.975731,1810.525757,4823228
04-02-2025,1872.454468,1884.682323,1848.984641,1862.790393,7334787
05-02-2025,1870.728638,1893.064275,1868.016794,1879.554409,4996744
06-02-2025,1889.070557,1897.304677,1873.637675,1890.401801,4765255
07-02-2025,1877.237061,1897.008796,1863.234012,1892.669942,4126260
10-02-2025,1854.21106,1878.568301,1852.534575,1878.568301,3828734
11-02-2025,1849.62561,1876.596108,1844.053979,1856.972194,4411601
12-02-2025,1837.299072,1868.31266,1821.373127,1858.845882,5633947
13-02-2025,1817.675171,1847.505456,1810.180644,1842.574831,5237744
14-02-2025,1830.6427,1833.502487,1802.981842,1828.275976,5292961
17-02-2025,1816.738281,1827.04324,1796.867837,1813.040312,4428956
18-02-2025,1826.254395,1835.819881,1812.103523,1816.738383,4365260
19-02-2025,1785.675415,1823.542523,1780.843378,1821.76757,4611411
20-02-2025,1799.826294,1805.595102,1780.498266,1780.498266,2218020
21-02-2025,1789.817017,1804.46095,1781.139068,1796.522715,3379879
24-02-2025,1739.623291,1782.914208,1725.965482,1775.074561,7594720
25-02-2025,1743.17334,1753.774185,1720.93629,1720.93629,5092963
27-02-2025,1739.820557,1751.210229,1726.803633,1730.846722,5757079
28-02-2025,1664.283325,1730.748183,1659.106168,1730.698949,12182167
03-03-2025,1684.893311,1704.615812,1668.819544,1668.819544,7504969
04-03-2025,1664.875122,1675.426613,1646.828984,1671.482112,6759673
05-03-2025,1687.753174,1708.90551,1668.967442,1668.967442,8180782
06-03-2025,1692.042725,1698.403304,1667.636128,1691.204542,10610547
07-03-2025,1662.606934,1681.343311,1652.25262,1679.469649,8019331
10-03-2025,1677.842529,1695.149073,1652.94287,1662.606944,7558981
11-03-2025,1638.54541,1656.690136,1614.336112,1656.690136,12671234
12-03-2025,1568.7771,1614.188209,1542.102488,1614.188209,14870008
13-03-2025,1557.929688,1583.766237,1548.512265,1577.060538,7822888
17-03-2025,1567.988281,1571.883427,1523.71124,1523.71124,7526032
18-03-2025,1567.988281,1567.988281,1567.988281,1567.988281,0
19-03-2025,1564.536865,1580.758575,1550.977645,1580.758575,7387068
20-03-2025,1593.134521,1609.257643,1569.911226,1569.911226,7186750
21-03-2025,1570.453613,1581.646109,1541.954573,1556.05609,10074677
24-03-2025,1570.650757,1584.801628,1550.8789,1575.778559,8857726
25-03-2025,1605.855347,1613.448582,1582.730762,1582.730762,9890140
26-03-2025,1577.257813,1615.026454,1572.869604,1603.439483,6651302
27-03-2025,1581.301025,1597.473381,1563.994481,1573.412024,9426573
28-03-2025,1548.857422,1576.271628,1538.355165,1567.938919,6799047
01-04-2025,1505.319946,1525.929985,1496.78994,1517.893041,12680733
02-04-2025,1528.641846,1534.065534,1513.899203,1513.899203,6193478
03-04-2025,1475.736206,1513.356903,1464.445122,1513.356903,10459504
04-04-2025,1431.508545,1451.576167,1427.909164,1440.235728,9590254
07-04-2025,1377.370239,1386.393308,1288.865511,1333.241141,21715252
08-04-2025,1408.975586,1436.291203,1395.367011,1411.145013,12805001
09-04-2025,1384.223755,1389.893974,1362.7263,1385.55512,8546854
11-04-2025,1389.894043,1418.836912,1377.666187,1391.669116,12567440
15-04-2025,1406.214355,1427.613221,1389.450229,1425.542383,10178530
16-04-2025,1393.493408,1407.693634,1377.419641,1405.228321,12022740
17-04-2025,1399.804565,1409.961702,1359.17626,1378.602876,14264227
21-04-2025,1430.867554,1451.379004,1390.436424,1390.436424,15648970
22-04-2025,1403.058838,1420.020141,1399.6074,1420.020141,9399738
23-04-2025,1454.435913,1467.156951,1419.625649,1425.936874,11136642
24-04-2025,1450.984497,1462.324936,1441.221834,1449.505309,7114292
25-04-2025,1459.662354,1480.864044,1443.194112,1455.027614,8329979
28-04-2025,1461.536011,1468.931949,1444.969181,1459.662349,5886253
29-04-2025,1476.722412,1488.8518,1453.64706,1461.437472,8056743
30-04-2025,1479.286255,1487.865616,1462.029065,1476.032114,7704183
02-05-2025,1485.991943,1502.06571,1475.440333,1478.89177,7402310
05-05-2025,1487.668335,1501.868561,1481.948881,1493.97956,4282493
06-05-2025,1490.528076,1494.571165,1478.300101,1485.104388,4270530
07-05-2025,1487.372559,1497.726872,1475.834823,1479.187672,5691799
08-05-2025,1490.429565,1495.45878,1480.371017,1487.076716,8424409
09-05-2025,1486.682251,1490.429575,1473.369561,1479.877963,4478653
12-05-2025,1604.327026,1609.356241,1510.743726,1515.674352,11372857
13-05-2025,1546.835815,1589.830846,1542.891315,1586.675294,12846210
14-05-2025,1570.305664,1572.869565,1547.723375,1552.160938,4870057
15-05-2025,1590.619751,1596.142027,1549.202498,1567.741697,11151167
16-05-2025,1567.840332,1590.225324,1559.556857,1590.225324,4576751
19-05-2025,1538.157959,1563.008263,1534.11475,1554.6262,8855798
20-05-2025,1538.946777,1561.529066,1536.382876,1548.216377,7143998
21-05-2025,1546.737183,1549.202495,1530.564707,1546.145532,4157309
22-05-2025,1526.028564,1539.144076,1518.632626,1533.917565,6158990
23-05-2025,1543.088623,1565.177729,1528.493923,1528.493923,5038421
26-05-2025,1558.570679,1561.82494,1541.017604,1544.863516,3170102
27-05-2025,1548.315063,1560.937513,1534.805197,1557.979138,7775714
28-05-2025,1549.991455,1565.670748,1548.216382,1559.063758,3623370
29-05-2025,1563.599976,1586.576739,1554.724849,1566.952825,8609500
30-05-2025,1562.699951,1572,1555.099976,1571,13148092
02-06-2025,1553.800049,1560,1539,1560,4374509
03-06-2025,1543,1567.300049,1535.599976,1559,6853403
04-06-2025,1551.199951,1557.300049,1541.400024,1543,4548307
05-06-2025,1554.300049,1567.699951,1541.599976,1547.900024,6948539
06-06-2025,1563.800049,1568.900024,1543.099976,1554.699951,3960020
09-06-2025,1572.900024,1588,1571,1578,2903202
10-06-2025,1596,1607.5,1577.5,1584,8591925
11-06-2025,1631.099976,1634.599976,1590.099976,1590.099976,10597410
12-06-2025,1608.599976,1628,1598.099976,1617,10483574
13-06-2025,1602,1609,1570.199951,1576,6968315
16-06-2025,1623.800049,1634.800049,1597.099976,1600,5591842
17-06-2025,1639.900024,1647.400024,1615.599976,1620.699951,7622083
18-06-2025,1632.900024,1644.699951,1621,1621,5629707
19-06-2025,1618.400024,1630,1611.5,1623.900024,5147760
20-06-2025,1622.900024,1630.699951,1608.900024,1619,9202821
23-06-2025,1584,1601,1575.400024,1601,7943676
24-06-2025,1581.599976,1609,1576.599976,1601,8083992
25-06-2025,1614.900024,1619.900024,1585.099976,1590,7813533
26-06-2025,1616,1624,1606.599976,1608.800049,6519233
27-06-2025,1608,1629.599976,1602.400024,1619,8912268
30-06-2025,1601.800049,1615,1594.099976,1615,6294505
01-07-2025,1606.800049,1617.699951,1600.5,1609,4178937
02-07-2025,1610.5,1649,1603.400024,1618,8653641
03-07-2025,1618.699951,1632.400024,1615,1618.5,5259695
04-07-2025,1640.699951,1643.400024,1612.300049,1625,4411273
07-07-2025,1627,1644,1623,1640,3294523
08-07-2025,1638.699951,1646.199951,1621.5,1628,4590681
09-07-2025,1633.699951,1638,1623.599976,1637.800049,4580828
10-07-2025,1615.800049,1638.900024,1607.099976,1638.900024,5330179
11-07-2025,1594.900024,1607.099976,1563,1579.099976,11391755
14-07-2025,1570.300049,1591.800049,1559.800049,1591.800049,9173426
15-07-2025,1585.599976,1603.599976,1564,1565.099976,7614807
16-07-2025,1607.900024,1612,1578.5,1579,6223491
17-07-2025,1583.5,1610,1580.099976,1598,7374814
18-07-2025,1586.099976,1599.300049,1580,1592.099976,5161833
21-07-2025,1584.300049,1589,1566.800049,1580,3682661
22-07-2025,1570.900024,1585.800049,1565,1565,8473741
23-07-2025,1574.5,1591.900024,1550,1576.300049,8035026
24-07-2025,1552.5,1582,1548.199951,1580,14169664
25-07-2025,1515.699951,1549.5,1511.300049,1543.400024,10851259
28-07-2025,1516,1519.300049,1482.5,1513.900024,6439855
29-07-2025,1513.699951,1517.199951,1496.099976,1512.900024,7070448
30-07-2025,1519,1521.699951,1506,1519.900024,5719051
31-07-2025,1509,1527.099976,1497,1509.699951,6851407
01-08-2025,1469.599976,1498.699951,1465.5,1493.900024,8702978
04-08-2025,1480.5,1482.800049,1451,1461.5,8610216
05-08-2025,1460.300049,1478.699951,1455,1478.699951,10213323
06-08-2025,1436.699951,1456.099976,1430.300049,1452,10566934
07-08-2025,1436.900024,1442,1414.199951,1430,9892020
08-08-2025,1423.099976,1433.199951,1417.099976,1425,10048009
11-08-2025,1428.199951,1433.400024,1414,1419.900024,6625368
12-08-2025,1424.099976,1441,1421,1428.199951,9899184
13-08-2025,1426.599976,1434,1422.400024,1425,10318063
14-08-2025,1447.699951,1470,1426.199951,1426.199951,12902347
